source_slug,source_category,primary_cloud,licence_spdx,dest_file,github_url,loc,tokens,difficulty,init_ok,validate_ok,plan_ok
ValeriiVasianovych/terraform-iac,educational,aws,MIT,single_root_templates/ValeriiVasianovych__terraform-iac/aws__examples__00-test-solutions__modules__aws_vpc.tf,https://github.com/ValeriiVasianovych/terraform-iac/tree/HEAD/aws/examples/00-test-solutions/modules/aws_vpc,151,1362,,True,True,True
ValeriiVasianovych/terraform-iac,educational,aws,MIT,single_root_templates/ValeriiVasianovych__terraform-iac/aws__examples__20-remote-tf-state__common.tf,https://github.com/ValeriiVasianovych/terraform-iac/tree/HEAD/aws/examples/20-remote-tf-state/common,100,603,,True,True,True
ValeriiVasianovych/terraform-iac,educational,aws,MIT,single_root_templates/ValeriiVasianovych__terraform-iac/aws__examples__21-modules__modules__aws_vpc.tf,https://github.com/ValeriiVasianovych/terraform-iac/tree/HEAD/aws/examples/21-modules/modules/aws_vpc,150,1335,,True,True,True
ValeriiVasianovych/terraform-iac,educational,aws,MIT,single_root_templates/ValeriiVasianovych__terraform-iac/aws__examples__22-project-organization-local__modules__vpc.tf,https://github.com/ValeriiVasianovych/terraform-iac/tree/HEAD/aws/examples/22-project-organization-local/modules/vpc,182,1233,,True,True,True
ValeriiVasianovych/terraform-iac,educational,aws,MIT,single_root_templates/ValeriiVasianovych__terraform-iac/aws__examples__25-import-existing-resources.tf,https://github.com/ValeriiVasianovych/terraform-iac/tree/HEAD/aws/examples/25-import-existing-resources,49,328,,True,True,True
ValeriiVasianovych/terraform-iac,educational,aws,MIT,single_root_templates/ValeriiVasianovych__terraform-iac/aws__examples__26-recreating-scecified-resource.tf,https://github.com/ValeriiVasianovych/terraform-iac/tree/HEAD/aws/examples/26-recreating-scecified-resource,40,258,,True,True,True
ValeriiVasianovych/terraform-iac,educational,aws,MIT,single_root_templates/ValeriiVasianovych__terraform-iac/aws__projects__remote-tf-state__common.tf,https://github.com/ValeriiVasianovych/terraform-iac/tree/HEAD/aws/projects/remote-tf-state/common,100,603,,True,True,True
ValeriiVasianovych/terraform-iac,educational,aws,MIT,single_root_templates/ValeriiVasianovych__terraform-iac/aws__tasks__vpc-peering.tf,https://github.com/ValeriiVasianovych/terraform-iac/tree/HEAD/aws/tasks/vpc-peering,228,1762,,True,True,True
alfonsof/terraform-aws-examples,specialised,aws,MIT,single_root_templates/alfonsof__terraform-aws-examples/code__01-hello-world.tf,https://github.com/alfonsof/terraform-aws-examples/tree/HEAD/code/01-hello-world,11,58,,True,True,True
alfonsof/terraform-aws-examples,specialised,aws,MIT,single_root_templates/alfonsof__terraform-aws-examples/code__06-create-s3.tf,https://github.com/alfonsof/terraform-aws-examples/tree/HEAD/code/06-create-s3,34,195,,True,True,True
alfonsof/terraform-aws-examples,specialised,aws,MIT,single_root_templates/alfonsof__terraform-aws-examples/code__08-file-layout-example__global__s3.tf,https://github.com/alfonsof/terraform-aws-examples/tree/HEAD/code/08-file-layout-example/global/s3,34,194,,True,True,True
alfonsof/terraform-aws-examples,specialised,aws,MIT,single_root_templates/alfonsof__terraform-aws-examples/code__09-module-example__global__s3.tf,https://github.com/alfonsof/terraform-aws-examples/tree/HEAD/code/09-module-example/global/s3,34,194,,True,True,True
alfonsof/terraform-aws-examples,specialised,aws,MIT,single_root_templates/alfonsof__terraform-aws-examples/code__10-multi-repo-example__live__global__s3.tf,https://github.com/alfonsof/terraform-aws-examples/tree/HEAD/code/10-multi-repo-example/live/global/s3,35,194,,True,True,True
alfonsof/terraform-aws-examples,specialised,aws,MIT,single_root_templates/alfonsof__terraform-aws-examples/code__12-if-statements-example__live__global__s3.tf,https://github.com/alfonsof/terraform-aws-examples/tree/HEAD/code/12-if-statements-example/live/global/s3,34,194,,True,True,True
alfonsof/terraform-aws-examples,specialised,aws,MIT,single_root_templates/alfonsof__terraform-aws-examples/code__14-zero-downtime-deployment__live__global__s3.tf,https://github.com/alfonsof/terraform-aws-examples/tree/HEAD/code/14-zero-downtime-deployment/live/global/s3,35,194,,True,True,True
aws-cloudformation/iac-model-evaluation,benchmark-source,aws,MIT-0,single_root_templates/aws-cloudformation__iac-model-evaluation/terraform__aws-provider__service__ecr.tf,https://github.com/aws-cloudformation/iac-model-evaluation/tree/HEAD/terraform/aws-provider/service/ecr,24,154,,True,True,True
aws-cloudformation/iac-model-evaluation,benchmark-source,aws,MIT-0,single_root_templates/aws-cloudformation__iac-model-evaluation/terraform__aws-provider__service__efs.tf,https://github.com/aws-cloudformation/iac-model-evaluation/tree/HEAD/terraform/aws-provider/service/efs,15,128,,True,True,True
aws-cloudformation/iac-model-evaluation,benchmark-source,aws,MIT-0,single_root_templates/aws-cloudformation__iac-model-evaluation/terraform__aws-provider__service__rds.tf,https://github.com/aws-cloudformation/iac-model-evaluation/tree/HEAD/terraform/aws-provider/service/rds,34,267,,True,True,True
aws-cloudformation/iac-model-evaluation,benchmark-source,aws,MIT-0,single_root_templates/aws-cloudformation__iac-model-evaluation/terraform__tf-tests__modules__iam-identity-center.tf,https://github.com/aws-cloudformation/iac-model-evaluation/tree/HEAD/terraform/tf-tests/modules/iam-identity-center,541,5508,,True,True,True
aws-cloudformation/iac-model-evaluation,benchmark-source,aws,MIT-0,single_root_templates/aws-cloudformation__iac-model-evaluation/terraform__tf-tests__resources__s3-bucket-with-iam-role.tf,https://github.com/aws-cloudformation/iac-model-evaluation/tree/HEAD/terraform/tf-tests/resources/s3-bucket-with-iam-role,66,368,,True,True,True
brokedba/terraform-examples,educational,multi,GPL-3.0,single_root_templates/brokedba__terraform-examples/terraform-provider-aws__create-vpc.tf,https://github.com/brokedba/terraform-examples/tree/HEAD/terraform-provider-aws/create-vpc,280,2197,,True,True,True
brokedba/terraform-examples,educational,multi,GPL-3.0,single_root_templates/brokedba__terraform-examples/terraform-provider-aws__create-vpc-dynamic.tf,https://github.com/brokedba/terraform-examples/tree/HEAD/terraform-provider-aws/create-vpc-dynamic,263,1770,,True,True,True
brokedba/terraform-examples,educational,multi,GPL-3.0,single_root_templates/brokedba__terraform-examples/terraform-provider-oci__oke-quickstartz__modules__cluster-tools__modules__verrazzano.tf,https://github.com/brokedba/terraform-examples/tree/HEAD/terraform-provider-oci/oke-quickstartz/modules/cluster-tools/modules/verrazzano,65,507,,True,True,True
hashicorp/terraform-guides,official,multi,MPL-2.0,single_root_templates/hashicorp__terraform-guides/infrastructure-as-code__terraform-0.12-examples__dynamic-blocks-and-splat-expressions.tf,https://github.com/hashicorp/terraform-guides/tree/HEAD/infrastructure-as-code/terraform-0.12-examples/dynamic-blocks-and-splat-expressions,48,287,,True,True,True
hashicorp/terraform-guides,official,multi,MPL-2.0,single_root_templates/hashicorp__terraform-guides/infrastructure-as-code__terraform-0.12-examples__for-each-for-resources.tf,https://github.com/hashicorp/terraform-guides/tree/HEAD/infrastructure-as-code/terraform-0.12-examples/for-each-for-resources,54,302,,True,True,True
hashicorp/terraform-guides,official,multi,MPL-2.0,single_root_templates/hashicorp__terraform-guides/infrastructure-as-code__terraform-0.13-examples__module-depends-on__modules__write-files.tf,https://github.com/hashicorp/terraform-guides/tree/HEAD/infrastructure-as-code/terraform-0.13-examples/module-depends-on/modules/write-files,19,97,,True,True,True
hashicorp/terraform-guides,official,multi,MPL-2.0,single_root_templates/hashicorp__terraform-guides/infrastructure-as-code__terraform-0.13-examples__module-depends-on__modules__write-files-complicated.tf,https://github.com/hashicorp/terraform-guides/tree/HEAD/infrastructure-as-code/terraform-0.13-examples/module-depends-on/modules/write-files-complicated,23,116,,True,True,True
hashicorp/terraform-guides,official,multi,MPL-2.0,single_root_templates/hashicorp__terraform-guides/operations__automation-script__config.tf,https://github.com/hashicorp/terraform-guides/tree/HEAD/operations/automation-script/config,19,73,,True,True,True
ned1313/terraform-tuesdays,educational,multi,MIT,single_root_templates/ned1313__terraform-tuesdays/2020-06-09-ConditionalLogic.tf,https://github.com/ned1313/terraform-tuesdays/tree/HEAD/2020-06-09-ConditionalLogic,53,304,,True,True,True
ned1313/terraform-tuesdays,educational,multi,MIT,single_root_templates/ned1313__terraform-tuesdays/2020-07-07-ModuleComplexObjects__mock_mod.tf,https://github.com/ned1313/terraform-tuesdays/tree/HEAD/2020-07-07-ModuleComplexObjects/mock_mod,27,108,,True,True,True
ned1313/terraform-tuesdays,educational,multi,MIT,single_root_templates/ned1313__terraform-tuesdays/2020-07-21-VariableValidation__mock_mod.tf,https://github.com/ned1313/terraform-tuesdays/tree/HEAD/2020-07-21-VariableValidation/mock_mod,13,65,,True,True,True
ned1313/terraform-tuesdays,educational,multi,MIT,single_root_templates/ned1313__terraform-tuesdays/2020-07-28-ExternalAndHttpProvider__http_provider.tf,https://github.com/ned1313/terraform-tuesdays/tree/HEAD/2020-07-28-ExternalAndHttpProvider/http_provider,16,72,,True,True,True
ned1313/terraform-tuesdays,educational,multi,MIT,single_root_templates/ned1313__terraform-tuesdays/2020-11-17-PlayingWithFunctions.tf,https://github.com/ned1313/terraform-tuesdays/tree/HEAD/2020-11-17-PlayingWithFunctions,14,68,,True,True,True
ned1313/terraform-tuesdays,educational,multi,MIT,single_root_templates/ned1313__terraform-tuesdays/2021-02-08-DynamicBlocks__NSGs.tf,https://github.com/ned1313/terraform-tuesdays/tree/HEAD/2021-02-08-DynamicBlocks/NSGs,1,0,,True,True,True
ned1313/terraform-tuesdays,educational,multi,MIT,single_root_templates/ned1313__terraform-tuesdays/2021-05-04-ModuleTesting__basic_test.tf,https://github.com/ned1313/terraform-tuesdays/tree/HEAD/2021-05-04-ModuleTesting/basic_test,9,48,,True,True,True
ned1313/terraform-tuesdays,educational,multi,MIT,single_root_templates/ned1313__terraform-tuesdays/2021-06-01-Modules.tf,https://github.com/ned1313/terraform-tuesdays/tree/HEAD/2021-06-01-Modules,50,222,,True,True,True
ned1313/terraform-tuesdays,educational,multi,MIT,single_root_templates/ned1313__terraform-tuesdays/2021-07-13-Variables__referral.tf,https://github.com/ned1313/terraform-tuesdays/tree/HEAD/2021-07-13-Variables/referral,25,123,,True,True,True
ned1313/terraform-tuesdays,educational,multi,MIT,single_root_templates/ned1313__terraform-tuesdays/2021-07-13-Variables__suppression.tf,https://github.com/ned1313/terraform-tuesdays/tree/HEAD/2021-07-13-Variables/suppression,36,172,,True,True,True
ned1313/terraform-tuesdays,educational,multi,MIT,single_root_templates/ned1313__terraform-tuesdays/2021-07-13-Variables__values.tf,https://github.com/ned1313/terraform-tuesdays/tree/HEAD/2021-07-13-Variables/values,28,127,,True,True,True
ned1313/terraform-tuesdays,educational,multi,MIT,single_root_templates/ned1313__terraform-tuesdays/2021-08-17-Outputs__terminal_output.tf,https://github.com/ned1313/terraform-tuesdays/tree/HEAD/2021-08-17-Outputs/terminal_output,32,146,,True,True,True
ned1313/terraform-tuesdays,educational,multi,MIT,single_root_templates/ned1313__terraform-tuesdays/2021-09-28-LocalValues__syntax.tf,https://github.com/ned1313/terraform-tuesdays/tree/HEAD/2021-09-28-LocalValues/syntax,10,69,,True,True,True
ned1313/terraform-tuesdays,educational,multi,MIT,single_root_templates/ned1313__terraform-tuesdays/2021-12-21-PlanAndApply.tf,https://github.com/ned1313/terraform-tuesdays/tree/HEAD/2021-12-21-PlanAndApply,145,928,,True,True,True
ned1313/terraform-tuesdays,educational,multi,MIT,single_root_templates/ned1313__terraform-tuesdays/2022-01-25-CountandForEach__count_int.tf,https://github.com/ned1313/terraform-tuesdays/tree/HEAD/2022-01-25-CountandForEach/count_int,5,44,,True,True,True
ned1313/terraform-tuesdays,educational,multi,MIT,single_root_templates/ned1313__terraform-tuesdays/2022-01-25-CountandForEach__toppings.tf,https://github.com/ned1313/terraform-tuesdays/tree/HEAD/2022-01-25-CountandForEach/toppings,31,212,,True,True,True
ned1313/terraform-tuesdays,educational,multi,MIT,single_root_templates/ned1313__terraform-tuesdays/2022-01-25-CountandForEach__users_and_groups.tf,https://github.com/ned1313/terraform-tuesdays/tree/HEAD/2022-01-25-CountandForEach/users_and_groups,25,117,,True,True,True
ned1313/terraform-tuesdays,educational,multi,MIT,single_root_templates/ned1313__terraform-tuesdays/2023-04-03-TerraformData__replace_by.tf,https://github.com/ned1313/terraform-tuesdays/tree/HEAD/2023-04-03-TerraformData/replace_by,22,86,,True,True,True
ned1313/terraform-tuesdays,educational,multi,MIT,single_root_templates/ned1313__terraform-tuesdays/2023-04-03-TerraformData__workspace_example.tf,https://github.com/ned1313/terraform-tuesdays/tree/HEAD/2023-04-03-TerraformData/workspace_example,7,32,,True,True,True
ned1313/terraform-tuesdays,educational,multi,MIT,single_root_templates/ned1313__terraform-tuesdays/2024-01-24-RemovedBlock.tf,https://github.com/ned1313/terraform-tuesdays/tree/HEAD/2024-01-24-RemovedBlock,26,108,,True,True,True
ned1313/terraform-tuesdays,educational,multi,MIT,single_root_templates/ned1313__terraform-tuesdays/2024-06-25-OpenTofuEncryption__aws_kms__generate_kms_s3.tf,https://github.com/ned1313/terraform-tuesdays/tree/HEAD/2024-06-25-OpenTofuEncryption/aws_kms/generate_kms_s3,61,353,,True,True,True
ned1313/terraform-tuesdays,educational,multi,MIT,single_root_templates/ned1313__terraform-tuesdays/2024-07-09-ProviderFunctions.tf,https://github.com/ned1313/terraform-tuesdays/tree/HEAD/2024-07-09-ProviderFunctions,21,123,,True,True,True
ned1313/terraform-tuesdays,educational,multi,MIT,single_root_templates/ned1313__terraform-tuesdays/2024-08-20-AWSSSO.tf,https://github.com/ned1313/terraform-tuesdays/tree/HEAD/2024-08-20-AWSSSO,79,580,,True,True,True
ned1313/terraform-tuesdays,educational,multi,MIT,single_root_templates/ned1313__terraform-tuesdays/2024-12-24-TAOPro2__terraform-data-transform-lab__json.tf,https://github.com/ned1313/terraform-tuesdays/tree/HEAD/2024-12-24-TAOPro2/terraform-data-transform-lab/json,21,41,,True,True,True
ned1313/terraform-tuesdays,educational,multi,MIT,single_root_templates/ned1313__terraform-tuesdays/OpenToFUD__basic_example.tf,https://github.com/ned1313/terraform-tuesdays/tree/HEAD/OpenToFUD/basic_example,106,662,,True,True,True
ned1313/terraform-tuesdays,educational,multi,MIT,single_root_templates/ned1313__terraform-tuesdays/TrainingExamples__count_example.tf,https://github.com/ned1313/terraform-tuesdays/tree/HEAD/TrainingExamples/count_example,9,50,,True,True,True
