source_slug,source_category,primary_cloud,licence_spdx,dest_file,content_hash,github_url,loc,tokens,difficulty,hcl2_valid,tflint_pass,yaml_valid,targets_aws,init_ok,validate_ok,apply_ok,deploy_error,deploy_stage,reset_ok,backend,checked_at,checkov_score,trivy_ppr,n_resources,n_params,composite_level,ppr_pct,ppr_hardness,loc_rank,res_rank,par_rank,ppr_hard_rank,final_difficulty_score,final_difficulty_level,final_difficulty_band
Tianyi2/IRIS,benchmark-source,multi,Apache-2.0,multi_root_templates/Tianyi2__IRIS/data__terraform_collected_templates_new__group_36211_aws_data_route53_resolver_rules/main.tf,b9563ace0312386c80c4282a9ed3410c6d7b241aaef9452e183070365ba3b249,https://github.com/Tianyi2/IRIS/tree/HEAD/data/terraform_collected_templates_new/group_36211_aws_data_route53_resolver_rules,8,67,1,True,True,,True,True,True,True,,,True,aws,2026-04-15T13:48:48.085826,1.0,1.0,0,6,2,100.0,0.0,0.04285714285714286,0.05714285714285714,0.55,0.5035714285714286,0.1992857142857143,1,Very Easy
Tianyi2/IRIS,benchmark-source,multi,Apache-2.0,multi_root_templates/Tianyi2__IRIS/data__terraform_collected_templates_new__group_00010_modules_hybrid-node-role/main.tf,e20371e38d33fcffe62d466f1a0d864a6714a80743f6396b6cdb920e4912e121,https://github.com/Tianyi2/IRIS/tree/HEAD/data/terraform_collected_templates_new/group_00010_modules_hybrid-node-role,396,2564,5,True,True,,True,True,True,True,,,True,aws,2026-04-15T14:00:23.919270,0.9833,1.0,8,36,5,100.0,0.0,1.0,0.9428571428571428,0.9214285714285714,0.5035714285714286,0.9592857142857143,5,Very Hard
Tianyi2/IRIS,benchmark-source,multi,Apache-2.0,multi_root_templates/Tianyi2__IRIS/data__terraform_collected_templates_new__group_06203_null_resource_modules_null_resource/variables.tf,02e35928d0ceec16d0da9d145c31abfd440918a5a93f03bdbb754f85857d479f,https://github.com/Tianyi2/IRIS/tree/HEAD/data/terraform_collected_templates_new/group_06203_null_resource_modules_null_resource,201,1716,5,True,True,,True,True,True,True,,,True,aws,2026-04-15T14:02:46.400832,1.0,1.0,6,38,5,100.0,0.0,0.8642857142857143,0.8714285714285714,0.9357142857142857,0.5035714285714286,0.8878571428571429,5,Very Hard
Tianyi2/IRIS,benchmark-source,multi,Apache-2.0,multi_root_templates/Tianyi2__IRIS/data__terraform_collected_templates_new__group_06108_consul_modules_consul_acl/variables.tf,4b56263ba1140a457b35f1580c0102535a001882a89f5e4361bc44ba3761c5a2,https://github.com/Tianyi2/IRIS/tree/HEAD/data/terraform_collected_templates_new/group_06108_consul_modules_consul_acl,225,1351,5,True,True,,True,True,True,True,,,True,aws,2026-04-15T14:16:32.628184,1.0,1.0,6,41,5,100.0,0.0,0.9214285714285714,0.8714285714285714,0.9428571428571428,0.5035714285714286,0.9128571428571428,5,Very Hard
Tianyi2/IRIS,benchmark-source,multi,Apache-2.0,multi_root_templates/Tianyi2__IRIS/data__terraform_collected_templates_new__group_05946_aws_modules_rolesanywhere/variables.tf,4c82e8cb1d2bf589fafbeed584bfb77615a3402c5c37c12b0475be7dc5981784,https://github.com/Tianyi2/IRIS/tree/HEAD/data/terraform_collected_templates_new/group_05946_aws_modules_rolesanywhere,84,516,2,True,True,,True,True,True,True,,,True,aws,2026-04-15T15:22:26.414135,1.0,1.0,2,15,3,100.0,0.0,0.5928571428571429,0.5285714285714286,0.6928571428571428,0.5035714285714286,0.6035714285714285,4,Hard
Tianyi2/IRIS,benchmark-source,multi,Apache-2.0,multi_root_templates/Tianyi2__IRIS/data__terraform_collected_templates_new__group_05814_aws_modules_alb/variables.tf,9d22ddccf0c2103dfb501cf4372fa47d7579bac45c31faadbd26ba750e85731a,https://github.com/Tianyi2/IRIS/tree/HEAD/data/terraform_collected_templates_new/group_05814_aws_modules_alb,360,3240,5,True,True,,True,True,True,True,,,True,aws,2026-04-15T18:07:23.122568,0.5,1.0,6,68,5,100.0,0.0,0.9857142857142858,0.8714285714285714,0.9928571428571429,0.5035714285714286,0.9535714285714285,5,Very Hard
Tianyi2/IRIS,benchmark-source,multi,Apache-2.0,multi_root_templates/Tianyi2__IRIS/data__terraform_collected_templates_new__group_05860_aws_modules_datapipeline/variables.tf,cf90182294056dd4c407b0c8ea57105cc1d2a7b06fbe7207b0dadc9eacb1f9c1,https://github.com/Tianyi2/IRIS/tree/HEAD/data/terraform_collected_templates_new/group_05860_aws_modules_datapipeline,36,190,1,True,True,,True,True,True,True,,,True,aws,2026-04-15T18:28:39.072540,1.0,1.0,1,6,2,100.0,0.0,0.42142857142857143,0.29285714285714287,0.55,0.5035714285714286,0.4214285714285715,3,Moderate
Tianyi2/IRIS,benchmark-source,multi,Apache-2.0,multi_root_templates/Tianyi2__IRIS/data__terraform_collected_templates_new__group_26737_terraform_metadata_modules_cloudbuild_op/dlp_cmpsr.tf,bcdb6ed9fe67a73bd8f9d053c49a60651bfe6df031951f05fd1b1a611e500329,https://github.com/Tianyi2/IRIS/tree/HEAD/data/terraform_collected_templates_new/group_26737_terraform_metadata_modules_cloudbuild_op,54,581,2,True,True,,True,True,True,True,,,True,aws,2026-04-15T19:42:28.206223,1.0,1.0,0,0,2,100.0,0.0,0.49642857142857144,0.05714285714285714,0.15714285714285714,0.5035714285714286,0.2628571428571429,2,Easy
Tianyi2/IRIS,benchmark-source,multi,Apache-2.0,multi_root_templates/Tianyi2__IRIS/data__terraform_collected_templates_new__group_11112_root/main.tf,72b3c03a5eb3b14c375fe771131e40b95a77305d70420b132daa3055d6930f28,https://github.com/Tianyi2/IRIS/tree/HEAD/data/terraform_collected_templates_new/group_11112_root,184,2262,4,True,True,,True,True,True,True,,,True,aws,2026-04-15T20:49:50.004498,0.5,1.0,10,69,4,100.0,0.0,0.8071428571428572,0.9785714285714285,1.0,0.5035714285714286,0.9164285714285714,5,Very Hard
Tianyi2/IRIS,benchmark-source,multi,Apache-2.0,multi_root_templates/Tianyi2__IRIS/data__terraform_collected_templates_new__group_05848_aws_modules_codecommit/variables.tf,9326e6b7d4feb942df5da8c5e8fb2887279e4076ffd4ec41f268177dd9922f34,https://github.com/Tianyi2/IRIS/tree/HEAD/data/terraform_collected_templates_new/group_05848_aws_modules_codecommit,125,885,3,True,True,,True,True,True,True,,,True,aws,2026-04-15T21:25:06.734070,1.0,1.0,4,17,3,100.0,0.0,0.6642857142857143,0.7464285714285714,0.7071428571428572,0.5035714285714286,0.7017857142857143,4,Hard
Tianyi2/IRIS,benchmark-source,multi,Apache-2.0,multi_root_templates/Tianyi2__IRIS/data__terraform_collected_templates_new__group_13251_internal_service_backup_testdata_RegionSettings_basic_v6.0.0/main_gen.tf,155ff6179f161180de46aeceb0aaf29304f68a6a989770480abf0ae8d3cceae5,https://github.com/Tianyi2/IRIS/tree/HEAD/data/terraform_collected_templates_new/group_13251_internal_service_backup_testdata_RegionSettings_basic_v6.0.0,36,259,1,True,True,,True,True,True,True,,,True,aws,2026-04-15T22:01:21.211049,1.0,1.0,1,0,1,100.0,0.0,0.42142857142857143,0.29285714285714287,0.15714285714285714,0.5035714285714286,0.3035714285714286,2,Easy
Tianyi2/IRIS,benchmark-source,multi,Apache-2.0,multi_root_templates/Tianyi2__IRIS/data__terraform_collected_templates_new__group_05968_aws_modules_sns/variables.tf,ae7553aa628e90b1298a4e548ad9772d5ba1d191d19ee8890360bdfc6452f550,https://github.com/Tianyi2/IRIS/tree/HEAD/data/terraform_collected_templates_new/group_05968_aws_modules_sns,298,2147,5,True,True,,True,True,True,True,,,True,aws,2026-04-15T23:13:31.427309,1.0,1.0,5,56,5,100.0,0.0,0.9785714285714285,0.8214285714285714,0.9857142857142858,0.5035714285714286,0.9335714285714286,5,Very Hard
Tianyi2/IRIS,benchmark-source,multi,Apache-2.0,multi_root_templates/Tianyi2__IRIS/data__terraform_collected_templates_new__group_03043_labs_iamuser-metaargs-count-for-foreach-map_count/main.tf,5e66b16f1469815088193f81f2136a130d8b0b0c526e970bc7cef5a14b483b8b,https://github.com/Tianyi2/IRIS/tree/HEAD/data/terraform_collected_templates_new/group_03043_labs_iamuser-metaargs-count-for-foreach-map_count,193,733,4,True,True,,True,True,True,True,,,True,aws,2026-04-15T23:21:32.141671,0.6176,1.0,10,1,4,100.0,0.0,0.8357142857142857,0.9785714285714285,0.35714285714285715,0.5035714285714286,0.735,4,Hard
Tianyi2/IRIS,benchmark-source,multi,Apache-2.0,multi_root_templates/Tianyi2__IRIS/data__terraform_collected_templates_new__group_25901_testing_equivalence-tests_tests_fully_po/main.tf,d9fbe14f7923a1eefb0fa223723f58fb42cbebef5d1aa0a8e24dd62b9899d918,https://github.com/Tianyi2/IRIS/tree/HEAD/data/terraform_collected_templates_new/group_25901_testing_equivalence-tests_tests_fully_po,206,914,5,True,True,,True,True,True,True,,,True,aws,2026-04-15T23:48:56.667724,1.0,1.0,1,0,3,100.0,0.0,0.8857142857142857,0.29285714285714287,0.15714285714285714,0.5035714285714286,0.4892857142857143,3,Moderate
Tianyi2/IRIS,benchmark-source,multi,Apache-2.0,multi_root_templates/Tianyi2__IRIS/data__terraform_collected_templates_new__group_00755_modules_deploy/main.tf,3c76eb2d343a36262969130c8a385f0629b406c09ac0cfa04da49268c5537ff5,https://github.com/Tianyi2/IRIS/tree/HEAD/data/terraform_collected_templates_new/group_00755_modules_deploy,287,2298,5,True,True,,True,True,True,True,,,True,aws,2026-04-16T00:31:21.173389,0.9459,1.0,10,35,5,100.0,0.0,0.9571428571428572,0.9785714285714285,0.9071428571428571,0.5035714285714286,0.9485714285714285,5,Very Hard
Tianyi2/IRIS,benchmark-source,multi,Apache-2.0,multi_root_templates/Tianyi2__IRIS/data__terraform_collected_templates_new__group_11957_root/main.tf,0ceeeb29a0cdfeaa1fb171fccbd0ce098a704842d4f00e5c3f7f14112843554d,https://github.com/Tianyi2/IRIS/tree/HEAD/data/terraform_collected_templates_new/group_11957_root,211,2257,5,True,True,,True,True,True,True,,,True,aws,2026-04-16T02:06:03.539990,0.6,1.0,7,10,5,100.0,0.0,0.9035714285714286,0.9107142857142857,0.6178571428571429,0.5035714285714286,0.82,5,Very Hard
Tianyi2/IRIS,benchmark-source,multi,Apache-2.0,multi_root_templates/Tianyi2__IRIS/data__terraform_collected_templates_new__group_22820_examples_data-sources_azapi_resource_id/data-source.tf,d56bd746928848722806e3f55f785ebd9eab12e3c5e516667a0a215345b563a7,https://github.com/Tianyi2/IRIS/tree/HEAD/data/terraform_collected_templates_new/group_22820_examples_data-sources_azapi_resource_id,49,324,1,True,True,,True,True,True,True,,,True,aws,2026-04-16T02:58:47.527470,1.0,1.0,0,0,1,100.0,0.0,0.4785714285714286,0.05714285714285714,0.15714285714285714,0.5035714285714286,0.2557142857142857,2,Easy
Tianyi2/IRIS,benchmark-source,multi,Apache-2.0,multi_root_templates/Tianyi2__IRIS/data__terraform_collected_templates_new__group_05981_aws_modules_vpc_endpoint/variables.tf,f6ec54ba50b035cb53fe28e5f4ae13347e79c28c184fa842b3cd12fbe8d0a00c,https://github.com/Tianyi2/IRIS/tree/HEAD/data/terraform_collected_templates_new/group_05981_aws_modules_vpc_endpoint,196,1428,4,True,True,,True,True,True,True,,,True,aws,2026-04-16T03:00:34.583291,1.0,1.0,6,26,4,100.0,0.0,0.8535714285714285,0.8714285714285714,0.8285714285714286,0.5035714285714286,0.8514285714285713,5,Very Hard
Tianyi2/IRIS,benchmark-source,multi,Apache-2.0,multi_root_templates/Tianyi2__IRIS/data__terraform_collected_templates_new__group_36061_aws_data_imagebuilder_image_pipelines/main.tf,27983c4da6267b0fe3cb0d32ae015466cc759a9c1b4f0f88371b7677edb77471,https://github.com/Tianyi2/IRIS/tree/HEAD/data/terraform_collected_templates_new/group_36061_aws_data_imagebuilder_image_pipelines,11,55,1,True,True,,True,True,True,True,,,True,aws,2026-04-16T03:03:26.999332,1.0,1.0,0,2,1,100.0,0.0,0.06428571428571428,0.05714285714285714,0.425,0.5035714285714286,0.17035714285714287,1,Very Easy
Tianyi2/IRIS,benchmark-source,multi,Apache-2.0,multi_root_templates/Tianyi2__IRIS/data__terraform_collected_templates_new__group_05840_aws_modules_cloudwatch/variables.tf,d7b098dc8aefc46c34cc223548f80a15ea38008dcf46ebdc13157a13db43665a,https://github.com/Tianyi2/IRIS/tree/HEAD/data/terraform_collected_templates_new/group_05840_aws_modules_cloudwatch,239,2148,5,True,True,,True,True,True,True,,,True,aws,2026-04-16T04:08:11.015923,1.0,1.0,4,44,5,100.0,0.0,0.9285714285714286,0.7464285714285714,0.9571428571428572,0.5035714285714286,0.8825000000000001,5,Very Hard
Tianyi2/IRIS,benchmark-source,multi,Apache-2.0,multi_root_templates/Tianyi2__IRIS/data__terraform_collected_templates_new__group_01349_exports/context.tf,390362665773ba1d9fc6a340aeb5461c55f13f9b3ea38dab7237e2158b75bf2f,https://github.com/Tianyi2/IRIS/tree/HEAD/data/terraform_collected_templates_new/group_01349_exports,279,2512,5,True,True,,True,True,True,True,,,True,aws,2026-04-16T04:17:18.459041,0.5,1.0,0,18,4,100.0,0.0,0.95,0.05714285714285714,0.7285714285714285,0.5035714285714286,0.6157142857142857,4,Hard
Tianyi2/IRIS,benchmark-source,multi,Apache-2.0,multi_root_templates/Tianyi2__IRIS/data__terraform_collected_templates_new__group_19009_terraform_aws_role_imagebuilder/iam_profile.tf,dc5c7521c320cede6a985ff70cc4234f132f171847fa8adb15ac3e6c036dbc65,https://github.com/Tianyi2/IRIS/tree/HEAD/data/terraform_collected_templates_new/group_19009_terraform_aws_role_imagebuilder,34,203,1,True,True,,True,True,True,True,,,True,aws,2026-04-17T04:41:16.799104,1.0,1.0,3,0,1,100.0,0.0,0.39285714285714285,0.6392857142857142,0.15714285714285714,0.5035714285714286,0.3960714285714285,3,Moderate
Tianyi2/IRIS,benchmark-source,multi,Apache-2.0,multi_root_templates/Tianyi2__IRIS/data__terraform_collected_templates_new__group_11968_tests_database/main.tf,65a498e00df2e9bac2f24d19364f6fdb237280cdd5aea4f6e06c56c6a925200e,https://github.com/Tianyi2/IRIS/tree/HEAD/data/terraform_collected_templates_new/group_11968_tests_database,27,124,1,True,True,,True,True,True,True,,,True,aws,2026-04-17T05:22:28.128098,1.0,1.0,1,2,1,100.0,0.0,0.33214285714285713,0.29285714285714287,0.425,0.5035714285714286,0.3482142857142857,2,Easy
Tianyi2/IRIS,benchmark-source,multi,Apache-2.0,multi_root_templates/Tianyi2__IRIS/data__terraform_collected_templates_new__group_26846_run_dag/_test_mock.tf,90c31bfa0edc337090f43dabde96db36b7caa3980ef3c646e1691974fb19c58e,https://github.com/Tianyi2/IRIS/tree/HEAD/data/terraform_collected_templates_new/group_26846_run_dag,21,194,1,True,True,,True,True,True,True,,,True,aws,2026-04-17T05:52:28.523661,1.0,1.0,1,0,1,100.0,0.0,0.29285714285714287,0.29285714285714287,0.15714285714285714,0.5035714285714286,0.25214285714285717,2,Easy
Tianyi2/IRIS,benchmark-source,multi,Apache-2.0,multi_root_templates/Tianyi2__IRIS/data__terraform_collected_templates_new__group_05985_aws_modules_vpn/variables.tf,e605159f12d8a36469ca6355c5f1739923ca7fe8d9c3942430f9e9c287753683,https://github.com/Tianyi2/IRIS/tree/HEAD/data/terraform_collected_templates_new/group_05985_aws_modules_vpn,196,1250,4,True,True,,True,True,True,True,,,True,aws,2026-04-17T06:49:38.001075,1.0,1.0,6,35,4,100.0,0.0,0.8535714285714285,0.8714285714285714,0.9071428571428571,0.5035714285714286,0.8749999999999999,5,Very Hard
Tianyi2/IRIS,benchmark-source,multi,Apache-2.0,multi_root_templates/Tianyi2__IRIS/data__terraform_collected_templates_new__group_05879_aws_modules_eks/variables.tf,f48723d70b230ae969ca6d3a8643105f06d63c63ffc18f98236257956a6fbc33,https://github.com/Tianyi2/IRIS/tree/HEAD/data/terraform_collected_templates_new/group_05879_aws_modules_eks,204,1671,5,True,True,,True,True,True,True,,,True,aws,2026-04-17T08:29:55.250508,1.0,1.0,3,35,4,100.0,0.0,0.8785714285714286,0.6392857142857142,0.9071428571428571,0.5035714285714286,0.8153571428571428,5,Very Hard
Tianyi2/IRIS,benchmark-source,multi,Apache-2.0,multi_root_templates/Tianyi2__IRIS/data__terraform_collected_templates_new__group_37841_aws_resources_workspacesweb_portal/main.tf,97eac790c3a051b27f7cb331498472276cb5df911deee6c4aca284e7afb4bcc6,https://github.com/Tianyi2/IRIS/tree/HEAD/data/terraform_collected_templates_new/group_37841_aws_resources_workspacesweb_portal,20,155,1,True,True,,True,True,True,True,,,True,aws,2026-04-17T09:58:17.570636,1.0,1.0,1,10,2,100.0,0.0,0.2714285714285714,0.29285714285714287,0.6178571428571429,0.5035714285714286,0.3817857142857143,3,Moderate
Tianyi2/IRIS,benchmark-source,multi,Apache-2.0,multi_root_templates/Tianyi2__IRIS/data__terraform_collected_templates_new__group_06586_root/main.tf,2016963ee26e833fd5c943d8abf1ee3a825aef916c048882a533b8ffdd0e495a,https://github.com/Tianyi2/IRIS/tree/HEAD/data/terraform_collected_templates_new/group_06586_root,38,318,1,True,True,,True,True,True,True,,,True,aws,2026-04-17T10:40:16.492435,1.0,1.0,3,4,2,100.0,0.0,0.44285714285714284,0.6392857142857142,0.4714285714285714,0.5035714285714286,0.5103571428571428,3,Moderate
Tianyi2/IRIS,benchmark-source,multi,Apache-2.0,multi_root_templates/Tianyi2__IRIS/data__terraform_collected_templates_new__group_06375_modules_scanning_configuration/main.tf,a3466e07688917d3b61529d56aca31cca6040557e80b50a9f43acc6382ef997e,https://github.com/Tianyi2/IRIS/tree/HEAD/data/terraform_collected_templates_new/group_06375_modules_scanning_configuration,18,118,1,True,True,,True,True,True,True,,,True,aws,2026-04-17T10:58:57.943140,0.5,1.0,1,19,2,100.0,0.0,0.22857142857142856,0.29285714285714287,0.7428571428571429,0.5035714285714286,0.40214285714285714,3,Moderate
Tianyi2/IRIS,benchmark-source,multi,Apache-2.0,multi_root_templates/Tianyi2__IRIS/data__terraform_collected_templates_new__group_15618_tests_terraform_checks_resource_aws_example_Ec2TransitGatewayAutoAccept/main.tf,3c6cd076aecf7e9b66fcc32ce663285e83777aafe9789df77c430cb4e207328f,https://github.com/Tianyi2/IRIS/tree/HEAD/data/terraform_collected_templates_new/group_15618_tests_terraform_checks_resource_aws_example_Ec2TransitGatewayAutoAccept,13,81,1,True,True,,True,True,True,True,,,True,aws,2026-04-17T11:08:53.063156,0.6667,1.0,3,0,1,100.0,0.0,0.10714285714285714,0.6392857142857142,0.15714285714285714,0.5035714285714286,0.28178571428571425,2,Easy
Tianyi2/IRIS,benchmark-source,multi,Apache-2.0,multi_root_templates/Tianyi2__IRIS/data__terraform_collected_templates_new__group_26824_generate_report/_test_mock.tf,d64abe9952cedec8a8cda1de821d02ea38dbda765290103af466722e0b167214,https://github.com/Tianyi2/IRIS/tree/HEAD/data/terraform_collected_templates_new/group_26824_generate_report,17,113,1,True,True,,True,True,True,True,,,True,aws,2026-04-17T12:54:40.935341,1.0,1.0,1,0,1,100.0,0.0,0.19642857142857142,0.29285714285714287,0.15714285714285714,0.5035714285714286,0.21357142857142858,1,Very Easy
Tianyi2/IRIS,benchmark-source,multi,Apache-2.0,multi_root_templates/Tianyi2__IRIS/data__terraform_collected_templates_new__group_09828_root/main.tf,bb924d9df913fe84124a666a1a551bd9280ac983492579bbd4ecf6874a0e6da6,https://github.com/Tianyi2/IRIS/tree/HEAD/data/terraform_collected_templates_new/group_09828_root,290,2346,5,True,True,,True,True,True,True,,,True,aws,2026-04-17T14:26:29.539502,1.0,1.0,8,42,5,100.0,0.0,0.9714285714285714,0.9428571428571428,0.95,0.5035714285714286,0.9564285714285714,5,Very Hard
Tianyi2/IRIS,benchmark-source,multi,Apache-2.0,multi_root_templates/Tianyi2__IRIS/data__terraform_collected_templates_new__group_05872_aws_modules_ebs/variables.tf,a7effb6c12f8ccd8515629cebd4c8470f3d6be409bdf90d4b895f656a732b9cd,https://github.com/Tianyi2/IRIS/tree/HEAD/data/terraform_collected_templates_new/group_05872_aws_modules_ebs,182,1447,4,True,True,,True,True,True,True,,,True,aws,2026-04-17T14:37:41.238085,0.0,1.0,4,31,4,100.0,0.0,0.7964285714285714,0.7464285714285714,0.8678571428571429,0.5035714285714286,0.8028571428571428,5,Very Hard
Tianyi2/IRIS,benchmark-source,multi,Apache-2.0,multi_root_templates/Tianyi2__IRIS/data__terraform_collected_templates_new__group_36140_aws_data_neptune_engine_version/main.tf,b46f71034540f7950940b50376f56e83b5db90a7c47fd5f46fdc2bbda230d3e5,https://github.com/Tianyi2/IRIS/tree/HEAD/data/terraform_collected_templates_new/group_36140_aws_data_neptune_engine_version,13,117,1,True,True,,True,True,True,True,,,True,aws,2026-04-17T17:09:45.541736,1.0,1.0,0,11,2,100.0,0.0,0.10714285714285714,0.05714285714285714,0.6321428571428571,0.5035714285714286,0.24964285714285714,1,Very Easy
Tianyi2/IRIS,benchmark-source,multi,Apache-2.0,multi_root_templates/Tianyi2__IRIS/data__terraform_collected_templates_new__group_26796_commands_script_run/_test_mock.tf,83c42ad206a3ba95ba277d18896f2ea179ededfff6b2b8d06df50b4c72063e2c,https://github.com/Tianyi2/IRIS/tree/HEAD/data/terraform_collected_templates_new/group_26796_commands_script_run,13,80,1,True,True,,True,True,True,True,,,True,aws,2026-04-17T17:31:52.856047,1.0,1.0,1,0,1,100.0,0.0,0.10714285714285714,0.29285714285714287,0.15714285714285714,0.5035714285714286,0.17785714285714288,1,Very Easy
Tianyi2/IRIS,benchmark-source,multi,Apache-2.0,multi_root_templates/Tianyi2__IRIS/data__terraform_collected_templates_new__group_02021_modules_account-public-access/main.tf,6f3c210675f2a7548b7bfecd8c94d4521414f76842ff783f5b6ee44b32567431,https://github.com/Tianyi2/IRIS/tree/HEAD/data/terraform_collected_templates_new/group_02021_modules_account-public-access,10,83,1,True,True,,True,True,True,True,,,True,aws,2026-04-17T17:43:00.878758,1.0,1.0,1,6,2,100.0,0.0,0.05,0.29285714285714287,0.55,0.5035714285714286,0.27285714285714285,2,Easy
Tianyi2/IRIS,benchmark-source,multi,Apache-2.0,multi_root_templates/Tianyi2__IRIS/data__terraform_collected_templates_new__group_12299_root/main.tf,0381091d99adc2043ec2c1304e960ce2424e0ee826ba7497d9da5800d9ac0c0b,https://github.com/Tianyi2/IRIS/tree/HEAD/data/terraform_collected_templates_new/group_12299_root,93,907,2,True,True,,True,True,True,True,,,True,aws,2026-04-17T18:32:14.283149,1.0,1.0,6,8,3,100.0,0.0,0.6142857142857143,0.8714285714285714,0.6035714285714285,0.5035714285714286,0.6882142857142857,4,Hard
Tianyi2/IRIS,benchmark-source,multi,Apache-2.0,multi_root_templates/Tianyi2__IRIS/data__terraform_collected_templates_new__group_10167_src_templates_docker_docker-dev-container/main.tf,6defbee603f9c67291e4b0aad06ae4e2ca0361c55de702506f07e2db3d2ba96c,https://github.com/Tianyi2/IRIS/tree/HEAD/data/terraform_collected_templates_new/group_10167_src_templates_docker_docker-dev-container,247,1906,5,True,True,,True,True,True,True,,,True,aws,2026-04-17T18:39:12.998877,0.0,1.0,4,3,4,100.0,0.0,0.9428571428571428,0.7464285714285714,0.45714285714285713,0.5035714285714286,0.7382142857142857,5,Very Hard
Tianyi2/IRIS,benchmark-source,multi,Apache-2.0,multi_root_templates/Tianyi2__IRIS/data__terraform_collected_templates_new__group_25900_testing_equivalence-tests_tests_fully_po/main.tf,695c6d8a748378869276f168f54a5105ef2160d1e9875a9eab7861177f7ad514,https://github.com/Tianyi2/IRIS/tree/HEAD/data/terraform_collected_templates_new/group_25900_testing_equivalence-tests_tests_fully_po,209,915,5,True,True,,True,True,True,True,,,True,aws,2026-04-17T18:44:32.063949,1.0,1.0,1,0,3,100.0,0.0,0.8928571428571429,0.29285714285714287,0.15714285714285714,0.5035714285714286,0.4921428571428572,3,Moderate
Tianyi2/IRIS,benchmark-source,multi,Apache-2.0,multi_root_templates/Tianyi2__IRIS/data__terraform_collected_templates_new__group_09512_root/main.tf,7483c2a0f09a6541c5a2b814641913dcaf887465a354b0b43bfc87cbaaf81a68,https://github.com/Tianyi2/IRIS/tree/HEAD/data/terraform_collected_templates_new/group_09512_root,185,1366,4,True,True,,True,True,True,True,,,True,aws,2026-04-17T20:07:15.275759,1.0,1.0,4,28,4,100.0,0.0,0.8142857142857143,0.7464285714285714,0.8428571428571429,0.5035714285714286,0.8025,5,Very Hard
Tianyi2/IRIS,benchmark-source,multi,Apache-2.0,multi_root_templates/Tianyi2__IRIS/data__terraform_collected_templates_new__group_04832_test-cases_terraform_aws_iam_iam-entities_passrole_and_lambda_permissions_cause_priv_escalation/main.tf,c07f54f9884daefe7b7986aa0190fb2966c546e91cee287cfcd57c58e8b92b41,https://github.com/Tianyi2/IRIS/tree/HEAD/data/terraform_collected_templates_new/group_04832_test-cases_terraform_aws_iam_iam-entities_passrole_and_lambda_permissions_cause_priv_escalation,63,311,2,True,True,,True,True,True,True,,,True,aws,2026-04-17T20:32:24.906589,0.8261,1.0,3,0,2,100.0,0.0,0.5357142857142857,0.6392857142857142,0.15714285714285714,0.5035714285714286,0.4532142857142857,3,Moderate
Tianyi2/IRIS,benchmark-source,multi,Apache-2.0,multi_root_templates/Tianyi2__IRIS/data__terraform_collected_templates_new__group_05894_aws_modules_grafana/variables.tf,04a16d230fc44420e436c4e7a986c6e537b2c1a804635b17e2b036dca9f6faf1,https://github.com/Tianyi2/IRIS/tree/HEAD/data/terraform_collected_templates_new/group_05894_aws_modules_grafana,32,210,1,True,True,,True,True,True,True,,,True,aws,2026-04-17T20:53:33.024711,1.0,1.0,0,5,1,100.0,0.0,0.375,0.05714285714285714,0.4928571428571429,0.5035714285714286,0.315,2,Easy
Tianyi2/IRIS,benchmark-source,multi,Apache-2.0,multi_root_templates/Tianyi2__IRIS/data__terraform_collected_templates_new__group_05813_aws_modules_acm/variables.tf,42a55bdbd476b286c2204a2f51e043f974ed4564f219d8418d6ddab335152ff4,https://github.com/Tianyi2/IRIS/tree/HEAD/data/terraform_collected_templates_new/group_05813_aws_modules_acm,136,883,3,True,True,,True,True,True,True,,,True,aws,2026-04-17T21:02:01.308310,1.0,1.0,5,25,4,100.0,0.0,0.6964285714285714,0.8214285714285714,0.8142857142857143,0.5035714285714286,0.7692857142857144,5,Very Hard
Tianyi2/IRIS,benchmark-source,multi,Apache-2.0,multi_root_templates/Tianyi2__IRIS/data__terraform_collected_templates_new__group_00179_code_terraform_05-tips-and-tricks_loops-and-if-statements_live_global_one-iam-user/main.tf,617b3c57236ea9d0624bb6d16ef2c8d5f083f605e0b1124677fe969bdc088f5c,https://github.com/Tianyi2/IRIS/tree/HEAD/data/terraform_collected_templates_new/group_00179_code_terraform_05-tips-and-tricks_loops-and-if-statements_live_global_one-iam-user,20,91,1,True,True,,True,True,True,True,,,True,aws,2026-04-17T21:09:01.296552,0.6667,1.0,1,1,1,100.0,0.0,0.2714285714285714,0.29285714285714287,0.35714285714285715,0.5035714285714286,0.30357142857142855,2,Easy
Tianyi2/IRIS,benchmark-source,multi,Apache-2.0,multi_root_templates/Tianyi2__IRIS/data__terraform_collected_templates_new__group_17878_tests_functional_test_issue-197/main.tf,2a24ba6e380750117c3906f44865638fb8885dd737af582a7da1d65a40485ac7,https://github.com/Tianyi2/IRIS/tree/HEAD/data/terraform_collected_templates_new/group_17878_tests_functional_test_issue-197,32,224,1,True,True,,True,True,True,True,,,True,aws,2026-04-17T21:16:55.897173,1.0,1.0,2,1,1,100.0,0.0,0.375,0.5285714285714286,0.35714285714285715,0.5035714285714286,0.41571428571428576,3,Moderate
Tianyi2/IRIS,benchmark-source,multi,Apache-2.0,multi_root_templates/Tianyi2__IRIS/data__terraform_collected_templates_new__group_06196_local_modules_file/variables.tf,13faacd9dfd74920a1b035d08efdb7a39587b942ac2dcb7d70ac2b3bda70005d,https://github.com/Tianyi2/IRIS/tree/HEAD/data/terraform_collected_templates_new/group_06196_local_modules_file,75,686,2,True,True,,True,True,True,True,,,True,aws,2026-04-17T22:17:53.478852,1.0,1.0,2,14,3,100.0,0.0,0.5785714285714286,0.5285714285714286,0.675,0.5035714285714286,0.5925,3,Moderate
Tianyi2/IRIS,benchmark-source,multi,Apache-2.0,multi_root_templates/Tianyi2__IRIS/data__terraform_collected_templates_new__group_13784_internal_service_ec2_testdata_SecondarySubnet_basic/main_gen.tf,6ad2b91131838cf963ab7334305d5a3ff05fc7e7cde61b131b567e9149d638a8,https://github.com/Tianyi2/IRIS/tree/HEAD/data/terraform_collected_templates_new/group_13784_internal_service_ec2_testdata_SecondarySubnet_basic,29,215,1,True,True,,True,True,True,True,,,True,aws,2026-04-17T22:44:21.323440,1.0,1.0,2,0,1,100.0,0.0,0.3535714285714286,0.5285714285714286,0.15714285714285714,0.5035714285714286,0.34714285714285714,2,Easy
Tianyi2/IRIS,benchmark-source,multi,Apache-2.0,multi_root_templates/Tianyi2__IRIS/data__terraform_collected_templates_new__group_38116_tf_files_aws_modules_backup/variables.tf,17455f9c6f1307aaba7a2632ce291eef818e7937ae18883dbaec9c3abe3f4132,https://github.com/Tianyi2/IRIS/tree/HEAD/data/terraform_collected_templates_new/group_38116_tf_files_aws_modules_backup,35,222,1,True,True,,True,True,True,True,,,True,aws,2026-04-17T23:33:47.920092,0.9375,1.0,15,6,2,100.0,0.0,0.4035714285714286,1.0,0.55,0.5035714285714286,0.6264285714285714,4,Hard
Tianyi2/IRIS,benchmark-source,multi,Apache-2.0,multi_root_templates/Tianyi2__IRIS/data__terraform_collected_templates_new__group_05847_aws_modules_codebuild/variables.tf,01dc0f5df88b869a36fdcee1208c0d8cdff6413056524bb53c7a91ccc5a239d4,https://github.com/Tianyi2/IRIS/tree/HEAD/data/terraform_collected_templates_new/group_05847_aws_modules_codebuild,170,1203,4,True,True,,True,True,True,True,,,True,aws,2026-04-18T00:15:48.950220,1.0,1.0,4,31,4,100.0,0.0,0.7678571428571429,0.7464285714285714,0.8678571428571429,0.5035714285714286,0.7914285714285715,5,Very Hard
Tianyi2/IRIS,benchmark-source,multi,Apache-2.0,multi_root_templates/Tianyi2__IRIS/data__terraform_collected_templates_new__group_05839_aws_modules_cloudtrail/variables.tf,193e36d9bda25dc9801519b4c80e4310511b9a819f743bb498df31a2898b40c0,https://github.com/Tianyi2/IRIS/tree/HEAD/data/terraform_collected_templates_new/group_05839_aws_modules_cloudtrail,90,654,2,True,True,,True,True,True,True,,,True,aws,2026-04-18T00:17:01.436822,0.0,1.0,1,17,2,100.0,0.0,0.6071428571428571,0.29285714285714287,0.7071428571428572,0.5035714285714286,0.5428571428571429,3,Moderate
Tianyi2/IRIS,benchmark-source,multi,Apache-2.0,multi_root_templates/Tianyi2__IRIS/data__terraform_collected_templates_new__group_06256_vault_modules_vault_generic/variables.tf,770c9f66a1716287777413b71787d7ce4a1f6c9fb2e7284f7106067b200cdb69,https://github.com/Tianyi2/IRIS/tree/HEAD/data/terraform_collected_templates_new/group_06256_vault_modules_vault_generic,69,759,2,True,True,,True,True,True,True,,,True,aws,2026-04-18T00:20:13.749377,1.0,1.0,2,11,3,100.0,0.0,0.5535714285714286,0.5285714285714286,0.6321428571428571,0.5035714285714286,0.5696428571428571,3,Moderate
Tianyi2/IRIS,benchmark-source,multi,Apache-2.0,multi_root_templates/Tianyi2__IRIS/data__terraform_collected_templates_new__group_09753_CHAP06_MyApp_web/main.tf,a182a929136bfc281ad15f9b9b083fc00126e39a78113028a0668b633510ba91,https://github.com/Tianyi2/IRIS/tree/HEAD/data/terraform_collected_templates_new/group_09753_CHAP06_MyApp_web,13,63,1,True,True,,True,True,True,True,,,True,aws,2026-04-18T04:47:14.345310,1.0,1.0,1,0,1,100.0,0.0,0.10714285714285714,0.29285714285714287,0.15714285714285714,0.5035714285714286,0.17785714285714288,1,Very Easy
Tianyi2/IRIS,benchmark-source,multi,Apache-2.0,multi_root_templates/Tianyi2__IRIS/data__terraform_collected_templates_new__group_15264_test_fixtures_hooks_after-only/main.tf,d1aa3f6ca780f3f95f7f229c4bfc53393594d676f0df6752710635d0d6abc5d0,https://github.com/Tianyi2/IRIS/tree/HEAD/data/terraform_collected_templates_new/group_15264_test_fixtures_hooks_after-only,20,100,1,True,True,,True,True,True,True,,,True,aws,2026-04-18T05:10:09.394844,1.0,1.0,1,0,1,100.0,0.0,0.2714285714285714,0.29285714285714287,0.15714285714285714,0.5035714285714286,0.24357142857142855,1,Very Easy
Tianyi2/IRIS,benchmark-source,multi,Apache-2.0,multi_root_templates/Tianyi2__IRIS/data__terraform_collected_templates_new__group_11031_fixtures_secrets/main.tf,f18736d5fc2c91e531fadec381f38f881df9630154f814e7181ccb2222c029e4,https://github.com/Tianyi2/IRIS/tree/HEAD/data/terraform_collected_templates_new/group_11031_fixtures_secrets,62,632,2,True,True,,True,True,True,True,,,True,aws,2026-04-18T06:16:46.125244,0.0,1.0,10,5,3,100.0,0.0,0.5285714285714286,0.9785714285714285,0.4928571428571429,0.5035714285714286,0.6528571428571428,4,Hard
Tianyi2/IRIS,benchmark-source,multi,Apache-2.0,multi_root_templates/Tianyi2__IRIS/data__terraform_collected_templates_new__group_05432_cli_assets_terraform_aws_iam_iam_role_policy_role_policy_notaction_tests_terraform12/policy_notaction.tf,15845c34fa2613571a1325d51aa59bbb74c5a86a9e2d97fe2417b918bce9542c,https://github.com/Tianyi2/IRIS/tree/HEAD/data/terraform_collected_templates_new/group_05432_cli_assets_terraform_aws_iam_iam_role_policy_role_policy_notaction_tests_terraform12,56,277,2,True,True,,True,True,True,True,,,True,aws,2026-04-18T06:56:59.181849,0.6818,1.0,3,0,2,100.0,0.0,0.5142857142857142,0.6392857142857142,0.15714285714285714,0.5035714285714286,0.4446428571428571,3,Moderate
Tianyi2/IRIS,benchmark-source,multi,Apache-2.0,multi_root_templates/Tianyi2__IRIS/data__terraform_collected_templates_new__group_15226_test_fixtures_docs_03-stacks-with-local-state_units_basic/main.tf,ab64358733a5515a23f5df36c1285766a9c1e888f171a62bab7cdae8668c62c6,https://github.com/Tianyi2/IRIS/tree/HEAD/data/terraform_collected_templates_new/group_15226_test_fixtures_docs_03-stacks-with-local-state_units_basic,5,22,1,True,True,,True,True,True,True,,,True,aws,2026-04-18T07:45:43.082085,1.0,1.0,1,0,1,100.0,0.0,0.010714285714285714,0.29285714285714287,0.15714285714285714,0.5035714285714286,0.1392857142857143,1,Very Easy
Tianyi2/IRIS,benchmark-source,multi,Apache-2.0,multi_root_templates/Tianyi2__IRIS/data__terraform_collected_templates_new__group_05990_aws_modules_workspaces/variables.tf,b431b0242c1c0a78117bda77835b49fd3ddea62d2297b4bef907b86e7f14bf95,https://github.com/Tianyi2/IRIS/tree/HEAD/data/terraform_collected_templates_new/group_05990_aws_modules_workspaces,137,856,3,True,True,,True,True,True,True,,,True,aws,2026-04-18T08:11:00.193094,1.0,1.0,3,25,3,100.0,0.0,0.7142857142857143,0.6392857142857142,0.8142857142857143,0.5035714285714286,0.7217857142857143,4,Hard
Tianyi2/IRIS,benchmark-source,multi,Apache-2.0,multi_root_templates/Tianyi2__IRIS/data__terraform_collected_templates_new__group_05818_aws_modules_appautoscaling/variables.tf,5f176cb00baa1c8dead6ee61c738f080f31c2c663f94890e1c6ccccb7c9674da,https://github.com/Tianyi2/IRIS/tree/HEAD/data/terraform_collected_templates_new/group_05818_aws_modules_appautoscaling,147,1245,3,True,True,,True,True,True,True,,,True,aws,2026-04-18T08:15:16.872111,1.0,1.0,3,27,3,100.0,0.0,0.7357142857142858,0.6392857142857142,0.8357142857142857,0.5035714285714286,0.7367857142857144,4,Hard
Tianyi2/IRIS,benchmark-source,multi,Apache-2.0,multi_root_templates/Tianyi2__IRIS/data__terraform_collected_templates_new__group_09056_root/main.tf,c901181d9ab89246bfbd4be18c6c50743f34c40f0d32fa485ceb41b7b21167c0,https://github.com/Tianyi2/IRIS/tree/HEAD/data/terraform_collected_templates_new/group_09056_root,54,498,2,True,True,,True,True,True,True,,,True,aws,2026-04-18T08:20:38.283609,0.5,1.0,2,23,3,100.0,0.0,0.49642857142857144,0.5285714285714286,0.775,0.5035714285714286,0.5896428571428571,3,Moderate
Tianyi2/IRIS,benchmark-source,multi,Apache-2.0,multi_root_templates/Tianyi2__IRIS/data__terraform_collected_templates_new__group_06252_random_modules_random/variables.tf,cab0e6db2ff34de32b2a8764a7eef1bc72e4da2188321b275ed3f403b9dd6979,https://github.com/Tianyi2/IRIS/tree/HEAD/data/terraform_collected_templates_new/group_06252_random_modules_random,245,1562,5,True,True,,True,True,True,True,,,True,aws,2026-04-18T10:07:06.375637,1.0,1.0,7,45,5,100.0,0.0,0.9357142857142857,0.9107142857142857,0.9642857142857143,0.5035714285714286,0.9367857142857142,5,Very Hard
Tianyi2/IRIS,benchmark-source,multi,Apache-2.0,multi_root_templates/Tianyi2__IRIS/data__terraform_collected_templates_new__group_35970_aws_data_ec2_serial_console_access/main.tf,46c2466104f6239abe8ba2ce1763f0ab0ac9543b71567e4b2f477922bd7771d1,https://github.com/Tianyi2/IRIS/tree/HEAD/data/terraform_collected_templates_new/group_35970_aws_data_ec2_serial_console_access,7,32,1,True,True,,True,True,True,True,,,True,aws,2026-04-18T10:08:38.174389,1.0,1.0,0,2,1,100.0,0.0,0.02857142857142857,0.05714285714285714,0.425,0.5035714285714286,0.15607142857142858,1,Very Easy
Tianyi2/IRIS,benchmark-source,multi,Apache-2.0,multi_root_templates/Tianyi2__IRIS/data__terraform_collected_templates_new__group_05835_aws_modules_cloudformation/variables.tf,5ed919eb28cc881858c654847a1c57660d2ad84c7287564c739eb6042057ac07,https://github.com/Tianyi2/IRIS/tree/HEAD/data/terraform_collected_templates_new/group_05835_aws_modules_cloudformation,176,1435,4,True,True,,True,True,True,True,,,True,aws,2026-04-18T10:43:56.156027,1.0,1.0,3,33,4,100.0,0.0,0.7785714285714286,0.6392857142857142,0.8857142857142857,0.5035714285714286,0.7689285714285714,5,Very Hard
Tianyi2/IRIS,benchmark-source,multi,Apache-2.0,multi_root_templates/Tianyi2__IRIS/data__terraform_collected_templates_new__group_26852_scheduler/_test_mock.tf,5252fdfad24503cdd3b1c778bb0e68f66c4ebb62a5bee58c1811f7584d4e1824,https://github.com/Tianyi2/IRIS/tree/HEAD/data/terraform_collected_templates_new/group_26852_scheduler,19,163,1,True,True,,True,True,True,True,,,True,aws,2026-04-18T10:59:20.743648,1.0,1.0,1,0,1,100.0,0.0,0.24642857142857144,0.29285714285714287,0.15714285714285714,0.5035714285714286,0.2335714285714286,1,Very Easy
Tianyi2/IRIS,benchmark-source,multi,Apache-2.0,multi_root_templates/Tianyi2__IRIS/data__terraform_collected_templates_new__group_05973_aws_modules_swf/variables.tf,212a4e3587e3d9cb92a1cca8ab1db9d68026fa0ae51ea02b6d4c3a1521bd8f4e,https://github.com/Tianyi2/IRIS/tree/HEAD/data/terraform_collected_templates_new/group_05973_aws_modules_swf,46,327,1,True,True,,True,True,True,True,,,True,aws,2026-04-18T12:36:13.585761,1.0,1.0,1,6,2,100.0,0.0,0.4642857142857143,0.29285714285714287,0.55,0.5035714285714286,0.4385714285714286,3,Moderate
Tianyi2/IRIS,benchmark-source,multi,Apache-2.0,multi_root_templates/Tianyi2__IRIS/data__terraform_collected_templates_new__group_11973_tests_object-storage/main.tf,c7823a81c619d7c8d66b9ae82acfca3aba06dfcbc7cc5465adf5ea5e41e911ab,https://github.com/Tianyi2/IRIS/tree/HEAD/data/terraform_collected_templates_new/group_11973_tests_object-storage,17,78,1,True,True,,True,True,True,True,,,True,aws,2026-04-18T14:17:11.435591,1.0,1.0,1,1,1,100.0,0.0,0.19642857142857142,0.29285714285714287,0.35714285714285715,0.5035714285714286,0.2735714285714286,2,Easy
Tianyi2/IRIS,benchmark-source,multi,Apache-2.0,multi_root_templates/Tianyi2__IRIS/data__terraform_collected_templates_new__group_15350_test_fixtures_streaming_unit1/main.tf,fe2f84fd556ee055de3de0c4a6d5cb8e6c4ac46539c2c55fa8be3e5163c82896,https://github.com/Tianyi2/IRIS/tree/HEAD/data/terraform_collected_templates_new/group_15350_test_fixtures_streaming_unit1,20,106,1,True,True,,True,True,True,True,,,True,aws,2026-04-19T02:17:35.762796,1.0,1.0,1,0,1,100.0,0.0,0.2714285714285714,0.29285714285714287,0.15714285714285714,0.5035714285714286,0.24357142857142855,1,Very Easy
Tianyi2/IRIS,benchmark-source,multi,Apache-2.0,multi_root_templates/Tianyi2__IRIS/data__terraform_collected_templates_new__group_13830_internal_service_ec2_testdata_SerialConsoleAccess_basic_v5.100.0/main_gen.tf,99565dfe092cc3a3b16b8e996d50a95a7c30ae547c36b1accbcfb974e1867607,https://github.com/Tianyi2/IRIS/tree/HEAD/data/terraform_collected_templates_new/group_13830_internal_service_ec2_testdata_SerialConsoleAccess_basic_v5.100.0,17,84,1,True,True,,True,True,True,True,,,True,aws,2026-04-19T03:02:29.203380,1.0,1.0,1,0,1,100.0,0.0,0.19642857142857142,0.29285714285714287,0.15714285714285714,0.5035714285714286,0.21357142857142858,1,Very Easy
Tianyi2/IRIS,benchmark-source,multi,Apache-2.0,multi_root_templates/Tianyi2__IRIS/data__terraform_collected_templates_new__group_05890_aws_modules_gamelift/variables.tf,4c9c8390f4fe4335fbfef09d8760ede3fe1d349c726ee66c11debf1afe28da0c,https://github.com/Tianyi2/IRIS/tree/HEAD/data/terraform_collected_templates_new/group_05890_aws_modules_gamelift,37,205,1,True,True,,True,True,True,True,,,True,aws,2026-04-19T03:07:54.951241,1.0,1.0,0,6,2,100.0,0.0,0.4357142857142857,0.05714285714285714,0.55,0.5035714285714286,0.35642857142857143,2,Easy
Tianyi2/IRIS,benchmark-source,multi,Apache-2.0,multi_root_templates/Tianyi2__IRIS/data__terraform_collected_templates_new__group_05433_cli_assets_terraform_aws_iam_iam_role_policy_role_policy_notresource_tests_terraform11/policy_notresource.tf,338b04f88675ccc6bfc08696be158df39b96c393825d2e6f42e34a79733f3ad6,https://github.com/Tianyi2/IRIS/tree/HEAD/data/terraform_collected_templates_new/group_05433_cli_assets_terraform_aws_iam_iam_role_policy_role_policy_notresource_tests_terraform11,59,310,2,True,True,,True,True,True,True,,,True,aws,2026-04-19T03:10:59.762398,0.9545,1.0,3,0,2,100.0,0.0,0.5214285714285715,0.6392857142857142,0.15714285714285714,0.5035714285714286,0.4475,3,Moderate
Tianyi2/IRIS,benchmark-source,multi,Apache-2.0,multi_root_templates/Tianyi2__IRIS/data__terraform_collected_templates_new__group_05415_cli_assets_terraform_aws_iam_iam_policy_policy_notaction_tests_terraform11/policy_notaction.tf,31cbfde785afb3f2dde0bcebc766148bef281be338dc3828d2795550696a89e9,https://github.com/Tianyi2/IRIS/tree/HEAD/data/terraform_collected_templates_new/group_05415_cli_assets_terraform_aws_iam_iam_policy_policy_notaction_tests_terraform11,35,188,1,True,True,,True,True,True,True,,,True,aws,2026-04-19T03:13:48.090373,0.9444,1.0,2,0,1,100.0,0.0,0.4035714285714286,0.5285714285714286,0.15714285714285714,0.5035714285714286,0.36714285714285716,2,Easy
Tianyi2/IRIS,benchmark-source,multi,Apache-2.0,multi_root_templates/Tianyi2__IRIS/data__terraform_collected_templates_new__group_01374_modules_container-definition/main.tf,89840f176d11979d873cfcbef55a5f6bb5a98a04aa308a8efe8c64ef0ba1a7ae,https://github.com/Tianyi2/IRIS/tree/HEAD/data/terraform_collected_templates_new/group_01374_modules_container-definition,100,1298,3,True,True,,True,True,True,True,,,True,aws,2026-04-19T06:30:43.903940,0.6667,1.0,1,54,3,100.0,0.0,0.6214285714285714,0.29285714285714287,0.9785714285714285,0.5035714285714286,0.6299999999999999,4,Hard
Tianyi2/IRIS,benchmark-source,multi,Apache-2.0,multi_root_templates/Tianyi2__IRIS/data__terraform_collected_templates_new__group_14191_internal_service_iot_testdata_EventConfigurations_basic/main_gen.tf,8e6f39846aa4bb3ec37c115f30f9048e628fb371fe64e3cef203c7c5314459ca,https://github.com/Tianyi2/IRIS/tree/HEAD/data/terraform_collected_templates_new/group_14191_internal_service_iot_testdata_EventConfigurations_basic,18,152,1,True,True,,True,True,True,True,,,True,aws,2026-04-19T07:01:05.603906,1.0,1.0,1,0,1,100.0,0.0,0.22857142857142856,0.29285714285714287,0.15714285714285714,0.5035714285714286,0.22642857142857142,1,Very Easy
Tianyi2/IRIS,benchmark-source,multi,Apache-2.0,multi_root_templates/Tianyi2__IRIS/data__terraform_collected_templates_new__group_05907_aws_modules_kendra/variables.tf,5177e22005039c636184a28d5244b5afb55b4167807d9a43d6efb451e29652e2,https://github.com/Tianyi2/IRIS/tree/HEAD/data/terraform_collected_templates_new/group_05907_aws_modules_kendra,17,84,1,True,True,,True,True,True,True,,,True,aws,2026-04-19T07:05:54.019964,1.0,1.0,0,2,1,100.0,0.0,0.19642857142857142,0.05714285714285714,0.425,0.5035714285714286,0.2232142857142857,1,Very Easy
Tianyi2/IRIS,benchmark-source,multi,Apache-2.0,multi_root_templates/Tianyi2__IRIS/data__terraform_collected_templates_new__group_10234_src_templates_notmaintained_docker-vs-code-server/main.tf,f43f7813445d3712dde2237e3ad989b4d909862d74365db20816d0d7a4787316,https://github.com/Tianyi2/IRIS/tree/HEAD/data/terraform_collected_templates_new/group_10234_src_templates_notmaintained_docker-vs-code-server,178,1282,4,True,True,,True,True,True,True,,,True,aws,2026-04-19T08:43:30.807166,0.0,1.0,4,1,3,100.0,0.0,0.7857142857142857,0.7464285714285714,0.35714285714285715,0.5035714285714286,0.6453571428571429,4,Hard
Tianyi2/IRIS,benchmark-source,multi,Apache-2.0,multi_root_templates/Tianyi2__IRIS/data__terraform_collected_templates_new__group_05822_aws_modules_appmesh/variables.tf,c4f063069090f035295354970b4c9718c92b4176bd8a284d20e4e08b345685e7,https://github.com/Tianyi2/IRIS/tree/HEAD/data/terraform_collected_templates_new/group_05822_aws_modules_appmesh,289,1930,5,True,True,,True,True,True,True,,,True,aws,2026-04-19T08:49:10.916151,1.0,1.0,7,53,5,100.0,0.0,0.9642857142857143,0.9107142857142857,0.9714285714285714,0.5035714285714286,0.9503571428571429,5,Very Hard
Tianyi2/IRIS,benchmark-source,multi,Apache-2.0,multi_root_templates/Tianyi2__IRIS/data__terraform_collected_templates_new__group_06254_tls_modules_tls/variables.tf,5b7b9f6597e62b0bf246259bed752681e63e2c6e122597a5588c24c91d3c5be0,https://github.com/Tianyi2/IRIS/tree/HEAD/data/terraform_collected_templates_new/group_06254_tls_modules_tls,182,1675,4,True,True,,True,True,True,True,,,True,aws,2026-04-19T09:58:59.771597,1.0,1.0,4,32,4,100.0,0.0,0.7964285714285714,0.7464285714285714,0.8785714285714286,0.5035714285714286,0.8060714285714285,5,Very Hard
Tianyi2/IRIS,benchmark-source,multi,Apache-2.0,multi_root_templates/Tianyi2__IRIS/data__terraform_collected_templates_new__group_09231_deprecated_terraform_aws_R80.40_cme-iam-role-gwlb/main.tf,9ec8832606006343e609a2dc80e50c3e349c8e91ae904cc68d5c6dd64abfd47f,https://github.com/Tianyi2/IRIS/tree/HEAD/data/terraform_collected_templates_new/group_09231_deprecated_terraform_aws_R80.40_cme-iam-role-gwlb,110,967,3,True,True,,True,True,True,True,,,True,aws,2026-04-19T10:52:20.914476,0.9535,1.0,8,6,4,100.0,0.0,0.6357142857142857,0.9428571428571428,0.55,0.5035714285714286,0.7021428571428572,4,Hard
Tianyi2/IRIS,benchmark-source,multi,Apache-2.0,multi_root_templates/Tianyi2__IRIS/data__terraform_collected_templates_new__group_03324_lessons_day11-12/main.tf,e69a6cec41d9bed23e30a4ddf8dd37e6b8097e2c63690a82cefd16fd9a118129,https://github.com/Tianyi2/IRIS/tree/HEAD/data/terraform_collected_templates_new/group_03324_lessons_day11-12,375,2412,5,True,True,,True,True,True,True,,,True,aws,2026-04-19T11:23:57.578376,1.0,1.0,0,13,4,100.0,0.0,0.9928571428571429,0.05714285714285714,0.6571428571428571,0.5035714285714286,0.6114285714285714,4,Hard
Tianyi2/IRIS,benchmark-source,multi,Apache-2.0,multi_root_templates/Tianyi2__IRIS/data__terraform_collected_templates_new__group_03533_terraform-modules_aws_securitygroup-network-interface-attachment/main.tf,390d2da0177ee99f61e208b1d36510792d1b76e2d13e0ae865c6816a3d344fa7,https://github.com/Tianyi2/IRIS/tree/HEAD/data/terraform_collected_templates_new/group_03533_terraform-modules_aws_securitygroup-network-interface-attachment,27,182,1,True,True,,True,True,True,True,,,True,aws,2026-04-19T12:49:46.929343,1.0,1.0,1,3,1,100.0,0.0,0.33214285714285713,0.29285714285714287,0.45714285714285713,0.5035714285714286,0.3578571428571429,2,Easy
Tianyi2/IRIS,benchmark-source,multi,Apache-2.0,multi_root_templates/Tianyi2__IRIS/data__terraform_collected_templates_new__group_16656_examples_terraform-basic-example/main.tf,4b38b45f112d93a2fde81ae06b9fb34633b26f7c7d03c7116b1502cae0d95084,https://github.com/Tianyi2/IRIS/tree/HEAD/data/terraform_collected_templates_new/group_16656_examples_terraform-basic-example,26,210,1,True,True,,True,True,True,True,,,True,aws,2026-04-19T13:01:08.950270,1.0,1.0,2,5,2,100.0,0.0,0.3142857142857143,0.5285714285714286,0.4928571428571429,0.5035714285714286,0.4321428571428571,3,Moderate
Tianyi2/IRIS,benchmark-source,multi,Apache-2.0,multi_root_templates/Tianyi2__IRIS/data__terraform_collected_templates_new__group_05943_aws_modules_rds_proxy/variables.tf,6ca02bbb933d1d1fca50d18127a7a984d0415ceae0f5b8a7ba5206b68f5af524,https://github.com/Tianyi2/IRIS/tree/HEAD/data/terraform_collected_templates_new/group_05943_aws_modules_rds_proxy,165,1291,4,True,True,,True,True,True,True,,,True,aws,2026-04-19T13:34:06.683987,1.0,1.0,4,30,4,100.0,0.0,0.7428571428571429,0.7464285714285714,0.8571428571428571,0.5035714285714286,0.7782142857142857,5,Very Hard
Tianyi2/IRIS,benchmark-source,multi,Apache-2.0,multi_root_templates/Tianyi2__IRIS/data__terraform_collected_templates_new__group_25584_internal_tofu_testdata_apply-resource-co/main.tf,ca14d66b92757440b5343e8146bd1b4999a61d8701f76022ac98e5f1ae03ba33,https://github.com/Tianyi2/IRIS/tree/HEAD/data/terraform_collected_templates_new/group_25584_internal_tofu_testdata_apply-resource-co,7,34,1,True,True,,True,True,True,True,,,True,aws,2026-04-19T13:50:11.122583,1.0,1.0,1,0,1,100.0,0.0,0.02857142857142857,0.29285714285714287,0.15714285714285714,0.5035714285714286,0.1464285714285714,1,Very Easy
Tianyi2/IRIS,benchmark-source,multi,Apache-2.0,multi_root_templates/Tianyi2__IRIS/data__terraform_collected_templates_new__group_37542_aws_resources_sagemaker_notebook_instanc/main.tf,5ebfcdd512743285c399ca235fa03b73d73748fcc5632ed4e81adb7e736b990d,https://github.com/Tianyi2/IRIS/tree/HEAD/data/terraform_collected_templates_new/group_37542_aws_resources_sagemaker_notebook_instanc,7,56,1,True,True,,True,True,True,True,,,True,aws,2026-04-19T14:09:47.925740,1.0,1.0,1,5,1,100.0,0.0,0.02857142857142857,0.29285714285714287,0.4928571428571429,0.5035714285714286,0.24714285714285714,1,Very Easy
Tianyi2/IRIS,benchmark-source,multi,Apache-2.0,multi_root_templates/Tianyi2__IRIS/data__terraform_collected_templates_new__group_05811_aws_modules_access_analyzer/variables.tf,840c0d22edf72147b178655e8ffd48df4e3f9c453e901755f6b7156e32d8f9d2,https://github.com/Tianyi2/IRIS/tree/HEAD/data/terraform_collected_templates_new/group_05811_aws_modules_access_analyzer,36,210,1,True,True,,True,True,True,True,,,True,aws,2026-04-19T14:38:29.344891,1.0,1.0,1,6,2,100.0,0.0,0.42142857142857143,0.29285714285714287,0.55,0.5035714285714286,0.4214285714285715,3,Moderate
Tianyi2/IRIS,benchmark-source,multi,Apache-2.0,multi_root_templates/Tianyi2__IRIS/data__terraform_collected_templates_new__group_37082_aws_resources_ivs_channel/main.tf,ed30f86d5f79406fd42d2af23656b2122716957c44952280b5369e39cf3f4011,https://github.com/Tianyi2/IRIS/tree/HEAD/data/terraform_collected_templates_new/group_37082_aws_resources_ivs_channel,18,123,1,True,True,,True,True,True,True,,,True,aws,2026-04-19T14:39:22.796363,1.0,1.0,1,8,2,100.0,0.0,0.22857142857142856,0.29285714285714287,0.6035714285714285,0.5035714285714286,0.3603571428571428,2,Easy
Tianyi2/IRIS,benchmark-source,multi,Apache-2.0,multi_root_templates/Tianyi2__IRIS/data__terraform_collected_templates_new__group_18830_helm_testing_config-da-basic/test.tf,8244585f7a62f0a3fb63b1a9e03d91883c918fd44ecd6ef57a06a101049cdd03,https://github.com/Tianyi2/IRIS/tree/HEAD/data/terraform_collected_templates_new/group_18830_helm_testing_config-da-basic,29,166,1,True,True,,True,True,True,True,,,True,aws,2026-04-19T17:28:52.199658,1.0,1.0,2,0,1,100.0,0.0,0.3535714285714286,0.5285714285714286,0.15714285714285714,0.5035714285714286,0.34714285714285714,2,Easy
Tianyi2/IRIS,benchmark-source,multi,Apache-2.0,multi_root_templates/Tianyi2__IRIS/data__terraform_collected_templates_new__group_05883_aws_modules_elastictranscoder/variables.tf,10b1243353dd4bf4f41b47895ba3c364214f8afe896d28cef4bee0281944b5fd,https://github.com/Tianyi2/IRIS/tree/HEAD/data/terraform_collected_templates_new/group_05883_aws_modules_elastictranscoder,129,971,3,True,True,,True,True,True,True,,,True,aws,2026-04-19T18:04:36.109556,1.0,1.0,2,22,3,100.0,0.0,0.6714285714285714,0.5285714285714286,0.7607142857142857,0.5035714285714286,0.6553571428571429,4,Hard
Tianyi2/IRIS,benchmark-source,multi,Apache-2.0,multi_root_templates/Tianyi2__IRIS/data__terraform_collected_templates_new__group_28736_testdata_has_checks_child_moodule/main.tf,6a755265545a5e97ee6e265429d86a1da236fc7db2e52dc5af5fece87b632e6a,https://github.com/Tianyi2/IRIS/tree/HEAD/data/terraform_collected_templates_new/group_28736_testdata_has_checks_child_moodule,19,92,1,True,True,,True,True,True,True,,,True,aws,2026-04-19T18:07:59.573728,1.0,1.0,1,1,1,100.0,0.0,0.24642857142857144,0.29285714285714287,0.35714285714285715,0.5035714285714286,0.2935714285714286,2,Easy
Tianyi2/IRIS,benchmark-source,multi,Apache-2.0,multi_root_templates/Tianyi2__IRIS/data__terraform_collected_templates_new__group_09232_deprecated_terraform_aws_R80.40_cme-iam-role/main.tf,5a6ecde8766512c5d472675c34d919995e343e7f1cc3498b9f5082e962edfea7,https://github.com/Tianyi2/IRIS/tree/HEAD/data/terraform_collected_templates_new/group_09232_deprecated_terraform_aws_R80.40_cme-iam-role,136,1198,3,True,True,,True,True,True,True,,,True,aws,2026-04-19T18:10:50.983151,0.9535,1.0,8,6,4,100.0,0.0,0.6964285714285714,0.9428571428571428,0.55,0.5035714285714286,0.7264285714285714,4,Hard
Tianyi2/IRIS,benchmark-source,multi,Apache-2.0,multi_root_templates/Tianyi2__IRIS/data__terraform_collected_templates_new__group_09801_CHAP12_cert/main.tf,e5d76848f4fac702a2d3a940040abfed0eceded1812191b71407cad86cd587f5,https://github.com/Tianyi2/IRIS/tree/HEAD/data/terraform_collected_templates_new/group_09801_CHAP12_cert,73,486,2,True,True,,True,True,True,True,,,True,aws,2026-04-19T18:36:48.852705,1.0,1.0,7,0,2,100.0,0.0,0.5714285714285714,0.9107142857142857,0.15714285714285714,0.5035714285714286,0.5489285714285714,3,Moderate
Tianyi2/IRIS,benchmark-source,multi,Apache-2.0,multi_root_templates/Tianyi2__IRIS/data__terraform_collected_templates_new__group_26838_mapexpr_test/_test_mock.tf,ed4b0253abcaa57a0da124fd8783025e6bee38f17e1a72b28ad1393a9fa850cf,https://github.com/Tianyi2/IRIS/tree/HEAD/data/terraform_collected_templates_new/group_26838_mapexpr_test,14,97,1,True,True,,True,True,True,True,,,True,aws,2026-04-19T18:54:21.542870,1.0,1.0,1,0,1,100.0,0.0,0.15,0.29285714285714287,0.15714285714285714,0.5035714285714286,0.195,1,Very Easy
Tianyi2/IRIS,benchmark-source,multi,Apache-2.0,multi_root_templates/Tianyi2__IRIS/data__terraform_collected_templates_new__group_10170_src_templates_docker_docker-with-jupyter/main.tf,a1b7ff88aa010f206d486cb76deeebce71927c34dcaa3d56feb2efd688b30f04,https://github.com/Tianyi2/IRIS/tree/HEAD/data/terraform_collected_templates_new/group_10170_src_templates_docker_docker-with-jupyter,217,1487,5,True,True,,True,True,True,True,,,True,aws,2026-04-19T19:36:54.011952,0.0833,1.0,5,1,4,100.0,0.0,0.9142857142857143,0.8214285714285714,0.35714285714285715,0.5035714285714286,0.7192857142857142,4,Hard
Tianyi2/IRIS,benchmark-source,multi,Apache-2.0,multi_root_templates/Tianyi2__IRIS/data__terraform_collected_templates_new__group_05882_aws_modules_elasticsearch/variables.tf,a7c53268178826ed9c02618ee343f13dcb5727017a9b9f8a99c3bc792a047cf6,https://github.com/Tianyi2/IRIS/tree/HEAD/data/terraform_collected_templates_new/group_05882_aws_modules_elasticsearch,118,751,3,True,True,,True,True,True,True,,,True,aws,2026-04-19T19:48:02.520773,1.0,1.0,2,22,3,100.0,0.0,0.65,0.5285714285714286,0.7607142857142857,0.5035714285714286,0.6467857142857143,4,Hard
Tianyi2/IRIS,benchmark-source,multi,Apache-2.0,multi_root_templates/Tianyi2__IRIS/data__terraform_collected_templates_new__group_05903_aws_modules_iam_user/variables.tf,41fe3bd7e16250818c389174edde8494e81d5667095afb50163f0610a35808a2,https://github.com/Tianyi2/IRIS/tree/HEAD/data/terraform_collected_templates_new/group_05903_aws_modules_iam_user,166,1236,4,True,True,,True,True,True,True,,,True,aws,2026-04-19T20:57:54.628496,0.6667,1.0,6,29,4,100.0,0.0,0.75,0.8714285714285714,0.85,0.5035714285714286,0.8164285714285714,5,Very Hard
Tianyi2/IRIS,benchmark-source,multi,Apache-2.0,multi_root_templates/Tianyi2__IRIS/data__terraform_collected_templates_new__group_03044_labs_iamuser-metaargs-count-for-foreach-map_for_each/main.tf,8b3618f1b2da737abed5e1625325df55c09f396025f80c45f14968d79edcff8f,https://github.com/Tianyi2/IRIS/tree/HEAD/data/terraform_collected_templates_new/group_03044_labs_iamuser-metaargs-count-for-foreach-map_for_each,195,752,4,True,True,,True,True,True,True,,,True,aws,2026-04-19T21:17:56.908663,0.6471,1.0,10,1,4,100.0,0.0,0.8428571428571429,0.9785714285714285,0.35714285714285715,0.5035714285714286,0.7378571428571429,4,Hard
Tianyi2/IRIS,benchmark-source,multi,Apache-2.0,multi_root_templates/Tianyi2__IRIS/data__terraform_collected_templates_new__group_18227_examples_ai_components_terraform_tgw_hub/main.tf,292da456dd0c2bfc31df5b57f1703bedfd17110be125ceb7ed6b748d4a85b94a,https://github.com/Tianyi2/IRIS/tree/HEAD/data/terraform_collected_templates_new/group_18227_examples_ai_components_terraform_tgw_hub,27,198,1,True,True,,True,True,True,True,,,True,aws,2026-04-20T02:18:06.827849,1.0,1.0,1,6,2,100.0,0.0,0.33214285714285713,0.29285714285714287,0.55,0.5035714285714286,0.38571428571428573,3,Moderate
Tianyi2/IRIS,benchmark-source,multi,Apache-2.0,multi_root_templates/Tianyi2__IRIS/data__terraform_collected_templates_new__group_05935_aws_modules_organizations/variables.tf,f05b5ca5138540561151e8d1967b9b474b2dd2802579f7cd2d4a69b5788a46a0,https://github.com/Tianyi2/IRIS/tree/HEAD/data/terraform_collected_templates_new/group_05935_aws_modules_organizations,139,1165,3,True,True,,True,True,True,True,,,True,aws,2026-04-20T02:35:44.903728,1.0,1.0,5,24,4,100.0,0.0,0.7285714285714285,0.8214285714285714,0.7928571428571428,0.5035714285714286,0.7757142857142856,5,Very Hard
Tianyi2/IRIS,benchmark-source,multi,Apache-2.0,multi_root_templates/Tianyi2__IRIS/data__terraform_collected_templates_new__group_05881_aws_modules_elasticbeanstalk/variables.tf,bc6f39e392729aa8538082a4cc50364bfb01d812b9f158a250ca335a9f0f3cf2,https://github.com/Tianyi2/IRIS/tree/HEAD/data/terraform_collected_templates_new/group_05881_aws_modules_elasticbeanstalk,191,1397,4,True,True,,True,True,True,True,,,True,aws,2026-04-20T05:25:26.894595,1.0,1.0,4,34,4,100.0,0.0,0.8285714285714286,0.7464285714285714,0.8928571428571429,0.5035714285714286,0.8232142857142857,5,Very Hard
Tianyi2/IRIS,benchmark-source,multi,Apache-2.0,multi_root_templates/Tianyi2__IRIS/data__terraform_collected_templates_new__group_05891_aws_modules_glacier/variables.tf,04c18a26bb2f55b6c83a97e749576c86c19c534e2fb3f8b12245ea763711258f,https://github.com/Tianyi2/IRIS/tree/HEAD/data/terraform_collected_templates_new/group_05891_aws_modules_glacier,69,605,2,True,True,,True,True,True,True,,,True,aws,2026-04-20T07:00:47.727102,1.0,1.0,2,12,3,100.0,0.0,0.5535714285714286,0.5285714285714286,0.6464285714285715,0.5035714285714286,0.5739285714285715,3,Moderate
Tianyi2/IRIS,benchmark-source,multi,Apache-2.0,multi_root_templates/Tianyi2__IRIS/data__terraform_collected_templates_new__group_26837_mapexpr/_test_mock.tf,2c80d3d3b3bedcc6e43e266e9f66723e7c91e442f92e726e742ea669c4a59c50,https://github.com/Tianyi2/IRIS/tree/HEAD/data/terraform_collected_templates_new/group_26837_mapexpr,15,114,1,True,True,,True,True,True,True,,,True,aws,2026-04-20T09:05:30.341296,1.0,1.0,1,0,1,100.0,0.0,0.17142857142857143,0.29285714285714287,0.15714285714285714,0.5035714285714286,0.20357142857142857,1,Very Easy
Tianyi2/IRIS,benchmark-source,multi,Apache-2.0,multi_root_templates/Tianyi2__IRIS/data__terraform_collected_templates_new__group_25897_testing_equivalence-tests_tests_drift_re/main.tf,a98ba0589ba714b6d702754cbb5abaaccc8467088d310eb7df7378318f912b37,https://github.com/Tianyi2/IRIS/tree/HEAD/data/terraform_collected_templates_new/group_25897_testing_equivalence-tests_tests_drift_re,14,70,1,True,True,,True,True,True,True,,,True,aws,2026-04-20T10:18:54.674022,1.0,1.0,1,0,1,100.0,0.0,0.15,0.29285714285714287,0.15714285714285714,0.5035714285714286,0.195,1,Very Easy
Tianyi2/IRIS,benchmark-source,multi,Apache-2.0,multi_root_templates/Tianyi2__IRIS/data__terraform_collected_templates_new__group_11972_tests_load-balancer/main.tf,f8299b5cdc12d4240747dd1d0176b6c8cdbb4c3ad186ae1e477c41c21770fce4,https://github.com/Tianyi2/IRIS/tree/HEAD/data/terraform_collected_templates_new/group_11972_tests_load-balancer,27,128,1,True,True,,True,True,True,True,,,True,aws,2026-04-20T11:18:26.839005,1.0,1.0,1,2,1,100.0,0.0,0.33214285714285713,0.29285714285714287,0.425,0.5035714285714286,0.3482142857142857,2,Easy
Tianyi2/IRIS,benchmark-source,multi,Apache-2.0,multi_root_templates/Tianyi2__IRIS/data__terraform_collected_templates_new__group_39453_modules_new_kms_key_policy/variables.tf,13d28e6d1dcf3e24e82683acd919611666a0b4bb62dc0d0d670fff1d50f05e7b,https://github.com/Tianyi2/IRIS/tree/HEAD/data/terraform_collected_templates_new/group_39453_modules_new_kms_key_policy,47,250,1,True,True,,True,True,True,True,,,True,aws,2026-04-20T14:41:22.189734,1.0,1.0,0,7,2,100.0,0.0,0.4714285714285714,0.05714285714285714,0.5928571428571429,0.5035714285714286,0.38357142857142856,3,Moderate
Tianyi2/IRIS,benchmark-source,multi,Apache-2.0,multi_root_templates/Tianyi2__IRIS/data__terraform_collected_templates_new__group_36216_aws_data_route_tables/main.tf,2bf61bd5bf6f83890c7ca5ea748bbb2098daadac4309b743d67e66a41f22e4a7,https://github.com/Tianyi2/IRIS/tree/HEAD/data/terraform_collected_templates_new/group_36216_aws_data_route_tables,17,82,1,True,True,,True,True,True,True,,,True,aws,2026-04-20T14:47:43.967792,1.0,1.0,0,5,1,100.0,0.0,0.19642857142857142,0.05714285714285714,0.4928571428571429,0.5035714285714286,0.24357142857142855,1,Very Easy
Tianyi2/IRIS,benchmark-source,multi,Apache-2.0,multi_root_templates/Tianyi2__IRIS/data__terraform_collected_templates_new__group_28702_examples/providers.tf,ba70e5cb23e2740aa89360b6a8298832d2b2cac66a0dc567f4dbdec008b4eb1a,https://github.com/Tianyi2/IRIS/tree/HEAD/data/terraform_collected_templates_new/group_28702_examples,11,48,1,True,True,,True,True,True,True,,,True,aws,2026-04-20T16:39:27.218341,1.0,1.0,8,0,2,100.0,0.0,0.06428571428571428,0.9428571428571428,0.15714285714285714,0.5035714285714286,0.3557142857142857,2,Easy
Tianyi2/IRIS,benchmark-source,multi,Apache-2.0,multi_root_templates/Tianyi2__IRIS/data__terraform_collected_templates_new__group_26857_strconv/_test_mock.tf,dec91d53b4c8c53a81b465d625ea8d34ffb6acd28a077b1ac4e17efb8820c8f0,https://github.com/Tianyi2/IRIS/tree/HEAD/data/terraform_collected_templates_new/group_26857_strconv,14,100,1,True,True,,True,True,True,True,,,True,aws,2026-04-20T17:26:37.820011,1.0,1.0,1,0,1,100.0,0.0,0.15,0.29285714285714287,0.15714285714285714,0.5035714285714286,0.195,1,Very Easy
Tianyi2/IRIS,benchmark-source,multi,Apache-2.0,multi_root_templates/Tianyi2__IRIS/data__terraform_collected_templates_new__group_05862_aws_modules_dax/variables.tf,94ac8969301424fd0cf72272d4c5e36b971f0c3dba3f9ad0d6e4caff8a5dde06,https://github.com/Tianyi2/IRIS/tree/HEAD/data/terraform_collected_templates_new/group_05862_aws_modules_dax,137,954,3,True,True,,True,True,True,True,,,True,aws,2026-04-20T18:07:11.314606,1.0,1.0,3,25,3,100.0,0.0,0.7142857142857143,0.6392857142857142,0.8142857142857143,0.5035714285714286,0.7217857142857143,4,Hard
Tianyi2/IRIS,benchmark-source,multi,Apache-2.0,multi_root_templates/Tianyi2__IRIS/data__terraform_collected_templates_new__group_06185_heroku_modules_heroku_space/variables.tf,8bee7f4dfbf22ad19efcde4a70c01a8cdf24451e35a597443a5bac15b67a7af3,https://github.com/Tianyi2/IRIS/tree/HEAD/data/terraform_collected_templates_new/group_06185_heroku_modules_heroku_space,137,907,3,True,True,,True,True,True,True,,,True,aws,2026-04-20T19:13:13.127263,1.0,1.0,5,24,4,100.0,0.0,0.7142857142857143,0.8214285714285714,0.7928571428571428,0.5035714285714286,0.77,5,Very Hard
Tianyi2/IRIS,benchmark-source,multi,Apache-2.0,multi_root_templates/Tianyi2__IRIS/data__terraform_collected_templates_new__group_15246_test_fixtures_ephemeral-inputs/main.tf,8c074080abdd7fd20eb515be3d96fe68a5a2d5dfcaf19f8488e58b637eac22d5,https://github.com/Tianyi2/IRIS/tree/HEAD/data/terraform_collected_templates_new/group_15246_test_fixtures_ephemeral-inputs,14,69,1,True,True,,True,True,True,True,,,True,aws,2026-04-20T19:30:09.492335,1.0,1.0,1,1,1,100.0,0.0,0.15,0.29285714285714287,0.35714285714285715,0.5035714285714286,0.255,2,Easy
Tianyi2/IRIS,benchmark-source,multi,Apache-2.0,multi_root_templates/Tianyi2__IRIS/data__terraform_collected_templates_new__group_29914_Mar23_problems_count_problem/main.tf,a2574ced6ab94d27834da577c260224727a3140f99441e1a00caab09b5e3e936,https://github.com/Tianyi2/IRIS/tree/HEAD/data/terraform_collected_templates_new/group_29914_Mar23_problems_count_problem,5,33,1,True,True,,True,True,True,True,,,True,aws,2026-04-20T22:05:09.441032,1.0,1.0,1,2,1,100.0,0.0,0.010714285714285714,0.29285714285714287,0.425,0.5035714285714286,0.21964285714285714,1,Very Easy
Tianyi2/IRIS,benchmark-source,multi,Apache-2.0,multi_root_templates/Tianyi2__IRIS/data__terraform_collected_templates_new__group_11150_backend_modules_ssh_base/main.tf,f87b19ae3563b6515d50e08c846fffd3f9584680165278601620d92e19883843,https://github.com/Tianyi2/IRIS/tree/HEAD/data/terraform_collected_templates_new/group_11150_backend_modules_ssh_base,50,477,2,True,True,,True,True,True,True,,,True,aws,2026-04-20T22:18:17.532014,1.0,1.0,1,17,2,100.0,0.0,0.4857142857142857,0.29285714285714287,0.7071428571428572,0.5035714285714286,0.49428571428571433,3,Moderate
Tianyi2/IRIS,benchmark-source,multi,Apache-2.0,multi_root_templates/Tianyi2__IRIS/data__terraform_collected_templates_new__group_06116_consul_modules_consul_network_area/variables.tf,1a98320097e4055aa125187e84d72c2c7672974d2b64cdf0d0498fa7d0f567b2,https://github.com/Tianyi2/IRIS/tree/HEAD/data/terraform_collected_templates_new/group_06116_consul_modules_consul_network_area,32,248,1,True,True,,True,True,True,True,,,True,aws,2026-04-21T00:43:10.723855,1.0,1.0,1,6,2,100.0,0.0,0.375,0.29285714285714287,0.55,0.5035714285714286,0.4028571428571429,3,Moderate
Tianyi2/IRIS,benchmark-source,multi,Apache-2.0,multi_root_templates/Tianyi2__IRIS/data__terraform_collected_templates_new__group_26752_root/_test_mock.tf,31774992172c6b27f25e5a855ba4b00400b1afa86aef73f4c38a0355e29036a6,https://github.com/Tianyi2/IRIS/tree/HEAD/data/terraform_collected_templates_new/group_26752_root,14,97,1,True,True,,True,True,True,True,,,True,aws,2026-04-21T08:56:33.637849,1.0,1.0,1,0,1,100.0,0.0,0.15,0.29285714285714287,0.15714285714285714,0.5035714285714286,0.195,1,Very Easy
Tianyi2/IRIS,benchmark-source,multi,Apache-2.0,multi_root_templates/Tianyi2__IRIS/data__terraform_collected_templates_new__group_26802_commands_version/_test_mock.tf,cedab3ab271feab8736ad3a8376fc7e62ed2aa8b96e858f048a06a210f21494a,https://github.com/Tianyi2/IRIS/tree/HEAD/data/terraform_collected_templates_new/group_26802_commands_version,13,78,1,True,True,,True,True,True,True,,,True,aws,2026-04-21T09:22:12.517206,1.0,1.0,1,0,1,100.0,0.0,0.10714285714285714,0.29285714285714287,0.15714285714285714,0.5035714285714286,0.17785714285714288,1,Very Easy
Tianyi2/IRIS,benchmark-source,multi,Apache-2.0,multi_root_templates/Tianyi2__IRIS/data__terraform_collected_templates_new__group_01346_root/main.tf,e27847d78a53075c9aca9e0f6b10c087d48c549dc3eb6ed16c08ea9e23c4e3d4,https://github.com/Tianyi2/IRIS/tree/HEAD/data/terraform_collected_templates_new/group_01346_root,188,2378,4,True,True,,True,True,True,True,,,True,aws,2026-04-21T10:02:31.227390,1.0,1.0,0,18,4,100.0,0.0,0.8214285714285714,0.05714285714285714,0.7285714285714285,0.5035714285714286,0.5642857142857143,3,Moderate
Tianyi2/IRIS,benchmark-source,multi,Apache-2.0,multi_root_templates/Tianyi2__IRIS/data__terraform_collected_templates_new__group_10221_src_templates_notmaintained_docker-intellij-gateway/main.tf,f53dc5d1e1dbc50a06f73eb4405d441efeb7c50ed538a18f4b62a3c2412730af,https://github.com/Tianyi2/IRIS/tree/HEAD/data/terraform_collected_templates_new/group_10221_src_templates_notmaintained_docker-intellij-gateway,170,1161,4,True,True,,True,True,True,True,,,True,aws,2026-04-21T10:46:28.774185,0.0,1.0,4,1,3,100.0,0.0,0.7678571428571429,0.7464285714285714,0.35714285714285715,0.5035714285714286,0.6382142857142857,4,Hard
Tianyi2/IRIS,benchmark-source,multi,Apache-2.0,multi_root_templates/Tianyi2__IRIS/data__terraform_collected_templates_new__group_00181_code_terraform_05-tips-and-tricks_loops-and-if-statements_live_global_three-iam-users-increment-name/main.tf,819fa3c071a053d0f3b6798db06ede9c9db1f19540b5cbd32207498e5ca6b225,https://github.com/Tianyi2/IRIS/tree/HEAD/data/terraform_collected_templates_new/group_00181_code_terraform_05-tips-and-tricks_loops-and-if-statements_live_global_three-iam-users-increment-name,20,103,1,True,True,,True,True,True,True,,,True,aws,2026-04-21T10:52:06.404981,0.5714,1.0,1,1,1,100.0,0.0,0.2714285714285714,0.29285714285714287,0.35714285714285715,0.5035714285714286,0.30357142857142855,2,Easy
Tianyi2/IRIS,benchmark-source,multi,Apache-2.0,multi_root_templates/Tianyi2__IRIS/data__terraform_collected_templates_new__group_06190_kubernetes_modules_k8s_cluster_role/variables.tf,842e2d7ab1853bdb3e3ecd8799b4136fc4f001467220c187930ad2a0ac463c03,https://github.com/Tianyi2/IRIS/tree/HEAD/data/terraform_collected_templates_new/group_06190_kubernetes_modules_k8s_cluster_role,88,693,2,True,True,,True,True,True,True,,,True,aws,2026-04-21T11:23:56.047231,1.0,1.0,2,14,3,100.0,0.0,0.6,0.5285714285714286,0.675,0.5035714285714286,0.6010714285714286,3,Moderate
Tianyi2/IRIS,benchmark-source,multi,Apache-2.0,multi_root_templates/Tianyi2__IRIS/data__terraform_collected_templates_new__group_05900_aws_modules_iam_role/variables.tf,8efa3ef7a86f120759949de690be11fa85f74ea624e810867b1e7d3b22f67308,https://github.com/Tianyi2/IRIS/tree/HEAD/data/terraform_collected_templates_new/group_05900_aws_modules_iam_role,130,827,3,True,True,,True,True,True,True,,,True,aws,2026-04-21T12:46:41.217336,1.0,1.0,4,23,3,100.0,0.0,0.6785714285714286,0.7464285714285714,0.775,0.5035714285714286,0.7278571428571429,4,Hard
Tianyi2/IRIS,benchmark-source,multi,Apache-2.0,multi_root_templates/Tianyi2__IRIS/data__terraform_collected_templates_new__group_10168_src_templates_docker_docker-devcontainer-cli/main.tf,67e8354c3a233220cb41226975ab3333fa42e9628a561b65bfadbb33da6d0b98,https://github.com/Tianyi2/IRIS/tree/HEAD/data/terraform_collected_templates_new/group_10168_src_templates_docker_docker-devcontainer-cli,211,1418,5,True,True,,True,True,True,True,,,True,aws,2026-04-21T14:05:28.816787,0.125,1.0,5,1,4,100.0,0.0,0.9035714285714286,0.8214285714285714,0.35714285714285715,0.5035714285714286,0.715,4,Hard
Tianyi2/IRIS,benchmark-source,multi,Apache-2.0,multi_root_templates/Tianyi2__IRIS/data__terraform_collected_templates_new__group_05914_aws_modules_kms/variables.tf,3c8d332f45f09270065b3dadbc9941529532030fa17ce0f72fc9439eaf1ca049,https://github.com/Tianyi2/IRIS/tree/HEAD/data/terraform_collected_templates_new/group_05914_aws_modules_kms,203,1787,5,True,True,,True,True,True,True,,,True,aws,2026-04-21T14:53:50.878954,1.0,1.0,5,37,5,100.0,0.0,0.8714285714285714,0.8214285714285714,0.9285714285714286,0.5035714285714286,0.8735714285714286,5,Very Hard
Tianyi2/IRIS,benchmark-source,multi,Apache-2.0,multi_root_templates/Tianyi2__IRIS/data__terraform_collected_templates_new__group_10225_src_templates_notmaintained_docker-kasm-module/main.tf,87529595e53d1f92692c90cedd32e7ebbdf176e05a5967e65da63ffd814e828e,https://github.com/Tianyi2/IRIS/tree/HEAD/data/terraform_collected_templates_new/group_10225_src_templates_notmaintained_docker-kasm-module,168,1125,4,True,True,,True,True,True,True,,,True,aws,2026-04-21T14:59:14.934770,0.0,1.0,4,1,3,100.0,0.0,0.7571428571428571,0.7464285714285714,0.35714285714285715,0.5035714285714286,0.6339285714285714,4,Hard
Tianyi2/IRIS,benchmark-source,multi,Apache-2.0,multi_root_templates/Tianyi2__IRIS/data__terraform_collected_templates_new__group_26765_cloud_integrations_gitlab/_test_mock.tf,3895c604ba330cb905287c0fed7dd430bd15d2b6e2954c6bf56c3dccd45b15bb,https://github.com/Tianyi2/IRIS/tree/HEAD/data/terraform_collected_templates_new/group_26765_cloud_integrations_gitlab,17,128,1,True,True,,True,True,True,True,,,True,aws,2026-04-21T15:03:04.234830,1.0,1.0,1,0,1,100.0,0.0,0.19642857142857142,0.29285714285714287,0.15714285714285714,0.5035714285714286,0.21357142857142858,1,Very Easy
Tianyi2/IRIS,benchmark-source,multi,Apache-2.0,multi_root_templates/Tianyi2__IRIS/data__terraform_collected_templates_new__group_26219_test_commands_scan_tf-ecs-task-definitio/main.tf,76fc3b646557392cc843105bec639e7a67719fcb3026ffc3763ae91b3bfcc494,https://github.com/Tianyi2/IRIS/tree/HEAD/data/terraform_collected_templates_new/group_26219_test_commands_scan_tf-ecs-task-definitio,43,231,1,True,True,,True,True,True,True,,,True,aws,2026-04-21T15:36:50.110250,1.0,1.0,1,0,1,100.0,0.0,0.45714285714285713,0.29285714285714287,0.15714285714285714,0.5035714285714286,0.31785714285714284,2,Easy
Tianyi2/IRIS,benchmark-source,multi,Apache-2.0,multi_root_templates/Tianyi2__IRIS/data__terraform_collected_templates_new__group_05898_aws_modules_iam_policy/variables.tf,80a2aecf7c2e99cc0643e68e8cc36cc322f66a864163448e08c8bd476edd019b,https://github.com/Tianyi2/IRIS/tree/HEAD/data/terraform_collected_templates_new/group_05898_aws_modules_iam_policy,78,460,2,True,True,,True,True,True,True,,,True,aws,2026-04-21T16:37:47.403915,1.0,1.0,2,14,3,100.0,0.0,0.5857142857142857,0.5285714285714286,0.675,0.5035714285714286,0.5953571428571429,3,Moderate
Tianyi2/IRIS,benchmark-source,multi,Apache-2.0,multi_root_templates/Tianyi2__IRIS/data__terraform_collected_templates_new__group_05896_aws_modules_iam_account/variables.tf,ee631b57f332e45fa78c791f24ce38b4923d6b705fcc1f15ca1228254919106b,https://github.com/Tianyi2/IRIS/tree/HEAD/data/terraform_collected_templates_new/group_05896_aws_modules_iam_account,101,638,3,True,True,,True,True,True,True,,,True,aws,2026-04-21T17:10:06.625714,1.0,1.0,3,18,3,100.0,0.0,0.6285714285714286,0.6392857142857142,0.7285714285714285,0.5035714285714286,0.6617857142857142,4,Hard
Tianyi2/IRIS,benchmark-source,multi,Apache-2.0,multi_root_templates/Tianyi2__IRIS/data__terraform_collected_templates_new__group_05983_aws_modules_vpc_network_interface/variables.tf,b20cdff6033923bab5579ff852b1d76a4f0d2f903fe7ae09a4199e75840f7948,https://github.com/Tianyi2/IRIS/tree/HEAD/data/terraform_collected_templates_new/group_05983_aws_modules_vpc_network_interface,112,683,3,True,True,,True,True,True,True,,,True,aws,2026-04-21T17:21:49.408981,1.0,1.0,3,20,3,100.0,0.0,0.6428571428571429,0.6392857142857142,0.75,0.5035714285714286,0.6739285714285714,4,Hard
Tianyi2/IRIS,benchmark-source,multi,Apache-2.0,multi_root_templates/Tianyi2__IRIS/data__terraform_collected_templates_new__group_26788_commands_generate/_test_mock.tf,594edcc2aa6be1879f042553c7c04888fa52f9b91b821dfbb332bc6c2e9f137a,https://github.com/Tianyi2/IRIS/tree/HEAD/data/terraform_collected_templates_new/group_26788_commands_generate,13,80,1,True,True,,True,True,True,True,,,True,aws,2026-04-22T03:41:39.087918,1.0,1.0,1,0,1,100.0,0.0,0.10714285714285714,0.29285714285714287,0.15714285714285714,0.5035714285714286,0.17785714285714288,1,Very Easy
Tianyi2/IRIS,benchmark-source,multi,Apache-2.0,multi_root_templates/Tianyi2__IRIS/data__terraform_collected_templates_new__group_26775_commands_cloud_drift_show/_test_mock.tf,a1219e25796cc672cbff4ad3b9abba689f67aa3ae8b0039abc9ef86c4f4d62d4,https://github.com/Tianyi2/IRIS/tree/HEAD/data/terraform_collected_templates_new/group_26775_commands_cloud_drift_show,13,83,1,True,True,,True,True,True,True,,,True,aws,2026-04-22T03:54:06.147834,1.0,1.0,1,0,1,100.0,0.0,0.10714285714285714,0.29285714285714287,0.15714285714285714,0.5035714285714286,0.17785714285714288,1,Very Easy
Tianyi2/IRIS,benchmark-source,multi,Apache-2.0,multi_root_templates/Tianyi2__IRIS/data__terraform_collected_templates_new__group_05971_aws_modules_ssoadmin/variables.tf,e5e61cc43535fed4bb22ca6eb88aa2ba1f031dae24fa7dfcd564bacd0dfd2821,https://github.com/Tianyi2/IRIS/tree/HEAD/data/terraform_collected_templates_new/group_05971_aws_modules_ssoadmin,135,1032,3,True,True,,True,True,True,True,,,True,aws,2026-04-22T04:02:05.236709,1.0,1.0,4,24,3,100.0,0.0,0.6857142857142857,0.7464285714285714,0.7928571428571428,0.5035714285714286,0.7360714285714285,4,Hard
Tianyi2/IRIS,benchmark-source,multi,Apache-2.0,multi_root_templates/Tianyi2__IRIS/data__terraform_collected_templates_new__group_26855_stack_trigger/_test_mock.tf,d1dcfe1cb1647f4f204c87798d04d9116f101a41073d2052e7e9d4a28d6c04a8,https://github.com/Tianyi2/IRIS/tree/HEAD/data/terraform_collected_templates_new/group_26855_stack_trigger,22,192,1,True,True,,True,True,True,True,,,True,aws,2026-04-22T04:48:06.089157,1.0,1.0,1,0,1,100.0,0.0,0.30357142857142855,0.29285714285714287,0.15714285714285714,0.5035714285714286,0.25642857142857145,2,Easy
Tianyi2/IRIS,benchmark-source,multi,Apache-2.0,multi_root_templates/Tianyi2__IRIS/data__terraform_collected_templates_new__group_11439_examples_iam_permissions/main.tf,76a79810efde2e4ed949230b6cc9753ae37593abcf798e106e560d2987e574b5,https://github.com/Tianyi2/IRIS/tree/HEAD/data/terraform_collected_templates_new/group_11439_examples_iam_permissions,41,253,1,True,True,,True,True,True,True,,,True,aws,2026-04-22T05:19:31.806395,0.75,1.0,2,0,1,100.0,0.0,0.45,0.5285714285714286,0.15714285714285714,0.5035714285714286,0.38571428571428573,3,Moderate
Tianyi2/IRIS,benchmark-source,multi,Apache-2.0,multi_root_templates/Tianyi2__IRIS/data__terraform_collected_templates_new__group_17896_tests_functional_test_issue-260/test.tf,861029f7be59cefe9dfc9e581eed5e22724712d707dab11d01672c72a5234e95,https://github.com/Tianyi2/IRIS/tree/HEAD/data/terraform_collected_templates_new/group_17896_tests_functional_test_issue-260,11,72,1,True,True,,True,True,True,True,,,True,aws,2026-04-22T06:04:27.794549,0.8889,1.0,3,0,1,100.0,0.0,0.06428571428571428,0.6392857142857142,0.15714285714285714,0.5035714285714286,0.2646428571428571,2,Easy
Tianyi2/IRIS,benchmark-source,multi,Apache-2.0,multi_root_templates/Tianyi2__IRIS/data__terraform_collected_templates_new__group_05849_aws_modules_codedeploy/variables.tf,e442536fcb45b894b477e928804199376fb92213323fa73997554e0d8377b7a0,https://github.com/Tianyi2/IRIS/tree/HEAD/data/terraform_collected_templates_new/group_05849_aws_modules_codedeploy,71,411,2,True,True,,True,True,True,True,,,True,aws,2026-04-22T06:26:01.405173,1.0,1.0,3,12,3,100.0,0.0,0.5642857142857143,0.6392857142857142,0.6464285714285715,0.5035714285714286,0.6114285714285714,4,Hard
Tianyi2/IRIS,benchmark-source,multi,Apache-2.0,multi_root_templates/Tianyi2__IRIS/data__terraform_collected_templates_new__group_03383_modules_managed-prometheus-monitoring_billing/main.tf,318da5aec420a577e6e59d67adb4bbdc1e4cd903a7c6a11d678b7652262d6287,https://github.com/Tianyi2/IRIS/tree/HEAD/data/terraform_collected_templates_new/group_03383_modules_managed-prometheus-monitoring_billing,32,213,1,True,True,,True,True,True,True,,,True,aws,2026-04-22T07:38:42.433727,1.0,1.0,1,0,1,100.0,0.0,0.375,0.29285714285714287,0.15714285714285714,0.5035714285714286,0.28500000000000003,2,Easy
Tianyi2/IRIS,benchmark-source,multi,Apache-2.0,multi_root_templates/Tianyi2__IRIS/data__terraform_collected_templates_new__group_00157_modules_vpc-endpoints/main.tf,5771825e698f531a147151563fdbdc39a109ea022d9135c8082e258f582d72a4,https://github.com/Tianyi2/IRIS/tree/HEAD/data/terraform_collected_templates_new/group_00157_modules_vpc-endpoints,121,1101,3,True,True,,True,True,True,True,,,True,aws,2026-04-22T08:57:58.920940,0.875,1.0,3,14,3,100.0,0.0,0.6571428571428571,0.6392857142857142,0.675,0.5035714285714286,0.6571428571428571,4,Hard
Tianyi2/IRIS,benchmark-source,multi,Apache-2.0,multi_root_templates/Tianyi2__IRIS/data__terraform_collected_templates_new__group_26834_http/_test_mock.tf,5a727c3692f029d2deb197bac1856b16ab390084d5c0ced1abb74061ae996ccf,https://github.com/Tianyi2/IRIS/tree/HEAD/data/terraform_collected_templates_new/group_26834_http,22,285,1,True,True,,True,True,True,True,,,True,aws,2026-04-22T10:57:54.804300,1.0,1.0,1,0,1,100.0,0.0,0.30357142857142855,0.29285714285714287,0.15714285714285714,0.5035714285714286,0.25642857142857145,2,Easy
Tianyi2/IRIS,benchmark-source,multi,Apache-2.0,multi_root_templates/Tianyi2__IRIS/data__terraform_collected_templates_new__group_26864_test_hclwrite_hclutils/_test_mock.tf,c38eb71be9c31c48712059f8ac7877da1fbad884ad142325f562d4560cf38db0,https://github.com/Tianyi2/IRIS/tree/HEAD/data/terraform_collected_templates_new/group_26864_test_hclwrite_hclutils,55,790,2,True,True,,True,True,True,True,,,True,aws,2026-04-22T12:52:09.776882,1.0,1.0,1,0,2,100.0,0.0,0.5071428571428571,0.29285714285714287,0.15714285714285714,0.5035714285714286,0.33785714285714286,2,Easy
Tianyi2/IRIS,benchmark-source,multi,Apache-2.0,multi_root_templates/Tianyi2__IRIS/data__terraform_collected_templates_new__group_26760_cloud_api_resources/_test_mock.tf,fe43def84fe6ebe81881a0d201bc131100b32e650d386d82d4f2b4d5f13bae82,https://github.com/Tianyi2/IRIS/tree/HEAD/data/terraform_collected_templates_new/group_26760_cloud_api_resources,64,486,2,True,True,,True,True,True,True,,,True,aws,2026-04-22T13:00:03.204001,1.0,1.0,1,0,2,100.0,0.0,0.5428571428571428,0.29285714285714287,0.15714285714285714,0.5035714285714286,0.35214285714285715,2,Easy
Tianyi2/IRIS,benchmark-source,multi,Apache-2.0,multi_root_templates/Tianyi2__IRIS/data__terraform_collected_templates_new__group_36063_aws_data_imagebuilder_image_recipes/main.tf,c8e7824402405035bb63ada79d80250d5c91fd55c64ea52a398be25a75ac1be8,https://github.com/Tianyi2/IRIS/tree/HEAD/data/terraform_collected_templates_new/group_36063_aws_data_imagebuilder_image_recipes,12,62,1,True,True,,True,True,True,True,,,True,aws,2026-04-22T13:14:41.343033,1.0,1.0,0,3,1,100.0,0.0,0.07857142857142857,0.05714285714285714,0.45714285714285713,0.5035714285714286,0.1857142857142857,1,Very Easy
