source_slug,source_category,primary_cloud,licence_spdx,dest_file,github_url,loc,tokens,difficulty,hcl2_valid,tflint_pass,yaml_valid,targets_aws,init_ok,validate_ok,plan_ok,deploy_error,deploy_stage,checked_at
GoogleCloudPlatform/terraform-google-examples,official,gcp,Apache-2.0,single_root_templates/GoogleCloudPlatform__terraform-google-examples/example-custom-machine-types.tf,https://github.com/GoogleCloudPlatform/terraform-google-examples/tree/HEAD/example-custom-machine-types,237,1599,,,,,,False,,,"
Error: Invalid quoted type constraints

  on main.tf line 181, in variable ""access_config"":
 181:   type        = ""list""

Terraform 0.11 and earlier required type constraints to be given in quotes,
but that form is now deprecated and will be removed in a future version of
Terraform. Remove the quotes around ""list"" and write list(string) instead to
explicitly indicate that the list elements are strings.

Error: Invalid quoted type constraints

  on main.tf line 192, in variable ""node_tags"":
 192",init,2026-03-10T13:19:40.547176
GoogleCloudPlatform/terraform-google-examples,official,gcp,Apache-2.0,single_root_templates/GoogleCloudPlatform__terraform-google-examples/example-gke-k8s-helm.tf,https://github.com/GoogleCloudPlatform/terraform-google-examples/tree/HEAD/example-gke-k8s-helm,206,1279,,,,,,False,,,"
Error: Incompatible provider version

Provider registry.terraform.io/hashicorp/template v2.2.0 does not have a
package available for your current platform, darwin_arm64.

Provider releases are separate from Terraform CLI releases, so not all
providers are available for all platforms. Other versions of this provider
may have different platforms supported.
",init,2026-03-10T13:19:46.720929
GoogleCloudPlatform/terraform-google-examples,official,gcp,Apache-2.0,single_root_templates/GoogleCloudPlatform__terraform-google-examples/example-gke-k8s-multi-region.tf,https://github.com/GoogleCloudPlatform/terraform-google-examples/tree/HEAD/example-gke-k8s-multi-region,199,1357,,,,,,False,,,"
Error: Unreadable module directory

Unable to evaluate directory symlink: lstat gke-regional: no such file or
directory

Error: Unreadable module directory

The directory  could not be read for module ""cluster1"" at main.tf:50.

Error: Unreadable module directory

Unable to evaluate directory symlink: lstat k8s-app: no such file or
directory

Error: Unreadable module directory

The directory  could not be read for module ""cluster1_app"" at main.tf:86.

Error: Unreadable module directory

Unable t",init,2026-03-10T13:21:09.407301
GoogleCloudPlatform/terraform-google-examples,official,gcp,Apache-2.0,single_root_templates/GoogleCloudPlatform__terraform-google-examples/example-gke-k8s-multi-region__gke-regional.tf,https://github.com/GoogleCloudPlatform/terraform-google-examples/tree/HEAD/example-gke-k8s-multi-region/gke-regional,81,441,,,,,,False,,,"
Error: Terraform encountered problems during initialisation, including problems
with the configuration, described below.

The Terraform configuration must be valid before initialization so that
Terraform can determine which modules and providers need to be installed.


Error: Invalid quoted type constraints

  on main.tf line 22, in variable ""tags"":
  22:   type    = ""list""

Terraform 0.11 and earlier required type constraints to be given in quotes,
but that form is now deprecated and will be r",init,2026-03-10T13:21:15.442877
GoogleCloudPlatform/terraform-google-examples,official,gcp,Apache-2.0,single_root_templates/GoogleCloudPlatform__terraform-google-examples/example-gke-k8s-multi-region__k8s-app.tf,https://github.com/GoogleCloudPlatform/terraform-google-examples/tree/HEAD/example-gke-k8s-multi-region/k8s-app,95,387,,,,,,False,,,"
Error: Terraform encountered problems during initialisation, including problems
with the configuration, described below.

The Terraform configuration must be valid before initialization so that
Terraform can determine which modules and providers need to be installed.


Error: Argument or block definition required

  on main.tf line 39, in resource ""kubernetes_config_map"" ""default"":
  39:     index.php = ""${file(""${format(""%s/index.php"", path.module)}"")}""

An argument or block definition is requ",init,2026-03-10T13:21:15.481974
GoogleCloudPlatform/terraform-google-examples,official,gcp,Apache-2.0,single_root_templates/GoogleCloudPlatform__terraform-google-examples/example-gke-k8s-multi-region__k8s-nginx.tf,https://github.com/GoogleCloudPlatform/terraform-google-examples/tree/HEAD/example-gke-k8s-multi-region/k8s-nginx,64,258,,,,,,True,False,,Unsupported block type; Unsupported block type; Missing required argument; Unsupported block type; Unsupported block type; Insufficient metadata blocks; Insufficient spec blocks,validate,2026-03-10T13:21:15.509430
GoogleCloudPlatform/terraform-google-examples,official,gcp,Apache-2.0,single_root_templates/GoogleCloudPlatform__terraform-google-examples/example-gke-k8s-service-lb.tf,https://github.com/GoogleCloudPlatform/terraform-google-examples/tree/HEAD/example-gke-k8s-service-lb,161,880,,,,,,True,False,,Unsupported argument,validate,2026-03-10T13:23:06.713677
ValeriiVasianovych/terraform-iac,educational,aws,MIT,single_root_templates/ValeriiVasianovych__terraform-iac/aws__examples__00-test-solutions.tf,https://github.com/ValeriiVasianovych/terraform-iac/tree/HEAD/aws/examples/00-test-solutions,344,2458,,,,,,True,False,,Invalid function argument,validate,2026-03-10T13:24:24.665685
ValeriiVasianovych/terraform-iac,educational,aws,MIT,single_root_templates/ValeriiVasianovych__terraform-iac/aws__examples__00-test-solutions__modules__aws_vpc.tf,https://github.com/ValeriiVasianovych/terraform-iac/tree/HEAD/aws/examples/00-test-solutions/modules/aws_vpc,151,1362,,,,,,True,True,False,"{""@level"":""info"",""@message"":""Terraform 1.14.6"",""@module"":""terraform.ui"",""@timestamp"":""2026-03-11T00:26:10.091567+11:00"",""terraform"":""1.14.6"",""type"":""version"",""ui"":""1.2""}
{""@level"":""info"",""@message"":""Plan: 0 to add, 0 to change, 0 to destroy."",""@module"":""terraform.ui"",""@timestamp"":""2026-03-11T00:26:12.068837+11:00"",""changes"":{""add"":0,""change"":0,""import"":0,""remove"":0,""action_invocation"":0,""operation"":""plan""},""type"":""change_summary""}
{""@level"":""info"",""@message"":""Outputs: 2"",""@module"":""terraform.ui""",plan,2026-03-10T13:25:19.091216
ValeriiVasianovych/terraform-iac,educational,aws,MIT,single_root_templates/ValeriiVasianovych__terraform-iac/aws__examples__01-ec2-create.tf,https://github.com/ValeriiVasianovych/terraform-iac/tree/HEAD/aws/examples/01-ec2-create,131,825,,,,,,True,False,,Invalid function argument,validate,2026-03-10T13:26:13.816288
ValeriiVasianovych/terraform-iac,educational,aws,MIT,single_root_templates/ValeriiVasianovych__terraform-iac/aws__examples__02-static-files.tf,https://github.com/ValeriiVasianovych/terraform-iac/tree/HEAD/aws/examples/02-static-files,82,536,,,,,,True,False,,Invalid function argument,validate,2026-03-10T13:26:40.292577
ValeriiVasianovych/terraform-iac,educational,aws,MIT,single_root_templates/ValeriiVasianovych__terraform-iac/aws__examples__03-dynamic-files.tf,https://github.com/ValeriiVasianovych/terraform-iac/tree/HEAD/aws/examples/03-dynamic-files,108,770,,,,,,True,False,,Invalid function argument,validate,2026-03-10T13:27:11.373612
ValeriiVasianovych/terraform-iac,educational,aws,MIT,single_root_templates/ValeriiVasianovych__terraform-iac/aws__examples__04-lifecycles.tf,https://github.com/ValeriiVasianovych/terraform-iac/tree/HEAD/aws/examples/04-lifecycles,116,749,,,,,,True,True,False,"{""@level"":""info"",""@message"":""Terraform 1.14.6"",""@module"":""terraform.ui"",""@timestamp"":""2026-03-11T00:28:07.288728+11:00"",""terraform"":""1.14.6"",""type"":""version"",""ui"":""1.2""}
{""@level"":""error"",""@message"":""Error: Backend initialization required, please run \""terraform init\"""",""@module"":""terraform.ui"",""@timestamp"":""2026-03-11T00:28:07.292426+11:00"",""diagnostic"":{""severity"":""error"",""summary"":""Backend initialization required, please run \""terraform init\"""",""detail"":""Reason: Initial configuration of the r",plan,2026-03-10T13:27:36.390202
ValeriiVasianovych/terraform-iac,educational,aws,MIT,single_root_templates/ValeriiVasianovych__terraform-iac/aws__examples__05-lifecycles-little-downtime.tf,https://github.com/ValeriiVasianovych/terraform-iac/tree/HEAD/aws/examples/05-lifecycles-little-downtime,90,617,,,,,,True,False,,Invalid function argument,validate,2026-03-10T13:28:07.369837
ValeriiVasianovych/terraform-iac,educational,aws,MIT,single_root_templates/ValeriiVasianovych__terraform-iac/aws__examples__06-outputs.tf,https://github.com/ValeriiVasianovych/terraform-iac/tree/HEAD/aws/examples/06-outputs,104,714,,,,,,True,False,,Invalid function argument,validate,2026-03-10T13:28:32.191584
ValeriiVasianovych/terraform-iac,educational,aws,MIT,single_root_templates/ValeriiVasianovych__terraform-iac/aws__examples__07-depends-on.tf,https://github.com/ValeriiVasianovych/terraform-iac/tree/HEAD/aws/examples/07-depends-on,53,382,,,,,,True,True,False,"{""@level"":""info"",""@message"":""Terraform 1.14.6"",""@module"":""terraform.ui"",""@timestamp"":""2026-03-11T00:29:42.472598+11:00"",""terraform"":""1.14.6"",""type"":""version"",""ui"":""1.2""}
{""@level"":""error"",""@message"":""Error: Backend initialization required, please run \""terraform init\"""",""@module"":""terraform.ui"",""@timestamp"":""2026-03-11T00:29:42.476356+11:00"",""diagnostic"":{""severity"":""error"",""summary"":""Backend initialization required, please run \""terraform init\"""",""detail"":""Reason: Initial configuration of the r",plan,2026-03-10T13:29:03.849026
ValeriiVasianovych/terraform-iac,educational,aws,MIT,single_root_templates/ValeriiVasianovych__terraform-iac/aws__examples__08-data-source.tf,https://github.com/ValeriiVasianovych/terraform-iac/tree/HEAD/aws/examples/08-data-source,87,667,,,,,,True,True,False,"{""@level"":""info"",""@message"":""Terraform 1.14.6"",""@module"":""terraform.ui"",""@timestamp"":""2026-03-11T00:30:20.615352+11:00"",""terraform"":""1.14.6"",""type"":""version"",""ui"":""1.2""}
{""@level"":""error"",""@message"":""Error: Backend initialization required, please run \""terraform init\"""",""@module"":""terraform.ui"",""@timestamp"":""2026-03-11T00:30:20.616526+11:00"",""diagnostic"":{""severity"":""error"",""summary"":""Backend initialization required, please run \""terraform init\"""",""detail"":""Reason: Initial configuration of the r",plan,2026-03-10T13:29:42.530321
ValeriiVasianovych/terraform-iac,educational,aws,MIT,single_root_templates/ValeriiVasianovych__terraform-iac/aws__examples__09-ami-data-source.tf,https://github.com/ValeriiVasianovych/terraform-iac/tree/HEAD/aws/examples/09-ami-data-source,76,507,,,,,,True,True,False,"{""@level"":""info"",""@message"":""Terraform 1.14.6"",""@module"":""terraform.ui"",""@timestamp"":""2026-03-11T00:30:40.419545+11:00"",""terraform"":""1.14.6"",""type"":""version"",""ui"":""1.2""}
{""@level"":""error"",""@message"":""Error: Backend initialization required, please run \""terraform init\"""",""@module"":""terraform.ui"",""@timestamp"":""2026-03-11T00:30:40.420053+11:00"",""diagnostic"":{""severity"":""error"",""summary"":""Backend initialization required, please run \""terraform init\"""",""detail"":""Reason: Initial configuration of the r",plan,2026-03-10T13:30:20.662915
ValeriiVasianovych/terraform-iac,educational,aws,MIT,single_root_templates/ValeriiVasianovych__terraform-iac/aws__examples__10-variables.tf,https://github.com/ValeriiVasianovych/terraform-iac/tree/HEAD/aws/examples/10-variables,144,976,,,,,,True,False,,Invalid function argument,validate,2026-03-10T13:30:40.458132
ValeriiVasianovych/terraform-iac,educational,aws,MIT,single_root_templates/ValeriiVasianovych__terraform-iac/aws__examples__11-tfvars.tf,https://github.com/ValeriiVasianovych/terraform-iac/tree/HEAD/aws/examples/11-tfvars,142,975,,,,,,True,True,False,"{""@level"":""info"",""@message"":""Terraform 1.14.6"",""@module"":""terraform.ui"",""@timestamp"":""2026-03-11T00:31:19.160994+11:00"",""terraform"":""1.14.6"",""type"":""version"",""ui"":""1.2""}
{""@level"":""error"",""@message"":""Error: Backend initialization required, please run \""terraform init\"""",""@module"":""terraform.ui"",""@timestamp"":""2026-03-11T00:31:19.162261+11:00"",""diagnostic"":{""severity"":""error"",""summary"":""Backend initialization required, please run \""terraform init\"""",""detail"":""Reason: Initial configuration of the r",plan,2026-03-10T13:30:59.621599
ValeriiVasianovych/terraform-iac,educational,aws,MIT,single_root_templates/ValeriiVasianovych__terraform-iac/aws__examples__12-tf-s3.tf,https://github.com/ValeriiVasianovych/terraform-iac/tree/HEAD/aws/examples/12-tf-s3,67,530,,,,,,False,,,"
Error: Failed to query available provider packages

Could not retrieve the list of available versions for provider hashicorp/aws:
no available releases match the given constraints ~> 5.0, >= 6.28.0

To see which modules are currently depending on hashicorp/aws and what
versions are specified, run the following command:
    terraform providers
",init,2026-03-10T13:31:19.199198
ValeriiVasianovych/terraform-iac,educational,aws,MIT,single_root_templates/ValeriiVasianovych__terraform-iac/aws__examples__13-local-variables.tf,https://github.com/ValeriiVasianovych/terraform-iac/tree/HEAD/aws/examples/13-local-variables,80,549,,,,,,True,True,False,"{""@level"":""info"",""@message"":""Terraform 1.14.6"",""@module"":""terraform.ui"",""@timestamp"":""2026-03-11T00:31:51.681629+11:00"",""terraform"":""1.14.6"",""type"":""version"",""ui"":""1.2""}
{""@level"":""error"",""@message"":""Error: Backend initialization required, please run \""terraform init\"""",""@module"":""terraform.ui"",""@timestamp"":""2026-03-11T00:31:51.683472+11:00"",""diagnostic"":{""severity"":""error"",""summary"":""Backend initialization required, please run \""terraform init\"""",""detail"":""Reason: Initial configuration of the r",plan,2026-03-10T13:31:21.131014
ValeriiVasianovych/terraform-iac,educational,aws,MIT,single_root_templates/ValeriiVasianovych__terraform-iac/aws__examples__14-exec-local.tf,https://github.com/ValeriiVasianovych/terraform-iac/tree/HEAD/aws/examples/14-exec-local,74,574,,,,,,True,True,False,"{""@level"":""info"",""@message"":""Terraform 1.14.6"",""@module"":""terraform.ui"",""@timestamp"":""2026-03-11T00:32:25.725234+11:00"",""terraform"":""1.14.6"",""type"":""version"",""ui"":""1.2""}
{""@level"":""error"",""@message"":""Error: Backend initialization required, please run \""terraform init\"""",""@module"":""terraform.ui"",""@timestamp"":""2026-03-11T00:32:25.727486+11:00"",""diagnostic"":{""severity"":""error"",""summary"":""Backend initialization required, please run \""terraform init\"""",""detail"":""Reason: Initial configuration of the r",plan,2026-03-10T13:31:51.733760
ValeriiVasianovych/terraform-iac,educational,aws,MIT,single_root_templates/ValeriiVasianovych__terraform-iac/aws__examples__15-ssh-parameter-store.tf,https://github.com/ValeriiVasianovych/terraform-iac/tree/HEAD/aws/examples/15-ssh-parameter-store,92,728,,,,,,True,True,False,"{""@level"":""info"",""@message"":""Terraform 1.14.6"",""@module"":""terraform.ui"",""@timestamp"":""2026-03-11T00:33:27.957409+11:00"",""terraform"":""1.14.6"",""type"":""version"",""ui"":""1.2""}
{""@level"":""error"",""@message"":""Error: Backend initialization required, please run \""terraform init\"""",""@module"":""terraform.ui"",""@timestamp"":""2026-03-11T00:33:27.959629+11:00"",""diagnostic"":{""severity"":""error"",""summary"":""Backend initialization required, please run \""terraform init\"""",""detail"":""Reason: Initial configuration of the r",plan,2026-03-10T13:32:25.787049
ValeriiVasianovych/terraform-iac,educational,aws,MIT,single_root_templates/ValeriiVasianovych__terraform-iac/aws__examples__16-conditions-lookups.tf,https://github.com/ValeriiVasianovych/terraform-iac/tree/HEAD/aws/examples/16-conditions-lookups,154,1125,,,,,,True,True,False,"{""@level"":""info"",""@message"":""Terraform 1.14.6"",""@module"":""terraform.ui"",""@timestamp"":""2026-03-11T00:34:31.052701+11:00"",""terraform"":""1.14.6"",""type"":""version"",""ui"":""1.2""}
{""@level"":""error"",""@message"":""Error: Backend initialization required, please run \""terraform init\"""",""@module"":""terraform.ui"",""@timestamp"":""2026-03-11T00:34:31.054939+11:00"",""diagnostic"":{""severity"":""error"",""summary"":""Backend initialization required, please run \""terraform init\"""",""detail"":""Reason: Initial configuration of the r",plan,2026-03-10T13:33:28.015988
ValeriiVasianovych/terraform-iac,educational,aws,MIT,single_root_templates/ValeriiVasianovych__terraform-iac/aws__examples__17-count-for-if-pretty-outputs.tf,https://github.com/ValeriiVasianovych/terraform-iac/tree/HEAD/aws/examples/17-count-for-if-pretty-outputs,106,725,,,,,,True,True,False,"{""@level"":""info"",""@message"":""Terraform 1.14.6"",""@module"":""terraform.ui"",""@timestamp"":""2026-03-11T00:35:28.411226+11:00"",""terraform"":""1.14.6"",""type"":""version"",""ui"":""1.2""}
{""@level"":""error"",""@message"":""Error: Backend initialization required, please run \""terraform init\"""",""@module"":""terraform.ui"",""@timestamp"":""2026-03-11T00:35:28.413190+11:00"",""diagnostic"":{""severity"":""error"",""summary"":""Backend initialization required, please run \""terraform init\"""",""detail"":""Reason: Initial configuration of the r",plan,2026-03-10T13:34:31.112851
ValeriiVasianovych/terraform-iac,educational,aws,MIT,single_root_templates/ValeriiVasianovych__terraform-iac/aws__examples__18-manage-secrets__env.tf,https://github.com/ValeriiVasianovych/terraform-iac/tree/HEAD/aws/examples/18-manage-secrets/env,81,628,,,,,,True,True,False,"{""@level"":""info"",""@message"":""Terraform 1.14.6"",""@module"":""terraform.ui"",""@timestamp"":""2026-03-11T00:36:35.650032+11:00"",""terraform"":""1.14.6"",""type"":""version"",""ui"":""1.2""}
{""@level"":""error"",""@message"":""Error: Backend initialization required, please run \""terraform init\"""",""@module"":""terraform.ui"",""@timestamp"":""2026-03-11T00:36:35.652121+11:00"",""diagnostic"":{""severity"":""error"",""summary"":""Backend initialization required, please run \""terraform init\"""",""detail"":""Reason: Initial configuration of the r",plan,2026-03-10T13:35:28.471300
