row_number,template_path,ground_truth_path,pass_user_intent,checkov_details,coverage_percentage,accuracy_percentage,resource_details,missing_resources,row_error
0,llm_generated_data/template/iterative/deepseek/openrouter/arcee-ai/trinity-large-preview:free/row_0_update_1_template_20260310_185621.yaml,../Data/groud_truth/template/sqs_easy.yaml,False,"{'passed_checks': [], 'failed_checks': [{'check_id': 'UIV_CUSTOM_ROW_0', 'check_name': 'Tuser intent for row 0', 'file_path': '/../../../../../../var/folders/mr/k47n2bks0fs1y0cmq922vqbh0000gn/T/temp_checkov_template_stable/template.yaml', 'resource': 'AWS::SQS::Queue.SQSQueue', 'guideline': None}]}",100.0,100.0,"{'correct': ['AWS::SQS::Queue'], 'missing': [], 'extra': []}",[],
1,llm_generated_data/template/iterative/deepseek/openrouter/arcee-ai/trinity-large-preview:free/row_1_update_1_template_20260310_185648.yaml,../Data/groud_truth/template/sns_easy.yaml,True,"{'passed_checks': [{'check_id': 'UIV_CUSTOM_ROW_1', 'check_name': 'user intent for row 1', 'file_path': '/../../../../../../var/folders/mr/k47n2bks0fs1y0cmq922vqbh0000gn/T/temp_checkov_template_stable/template.yaml', 'resource': 'AWS::SNS::Subscription.MySNSTopicSubscription'}], 'failed_checks': [{'check_id': 'UIV_CUSTOM_ROW_1', 'check_name': 'user intent for row 1', 'file_path': '/../../../../../../var/folders/mr/k47n2bks0fs1y0cmq922vqbh0000gn/T/temp_checkov_template_stable/template.yaml', 'resource': 'AWS::SNS::Topic.MySNSTopic', 'guideline': None}]}",100.0,50.0,"{'correct': ['AWS::SNS::Topic'], 'missing': [], 'extra': ['AWS::SNS::Subscription']}",[],
2,llm_generated_data/template/iterative/deepseek/openrouter/arcee-ai/trinity-large-preview:free/row_2_update_2_template_20260310_185704.yaml,../Data/groud_truth/template/s3_easy.yaml,True,"{'passed_checks': [{'check_id': 'UIV_CUSTOM_ROW_2', 'check_name': 'Tuser intent for row 2', 'file_path': '/../../../../../../var/folders/mr/k47n2bks0fs1y0cmq922vqbh0000gn/T/temp_checkov_template_stable/template.yaml', 'resource': 'AWS::S3::Bucket.DefaultBucket'}], 'failed_checks': []}",100.0,100.0,"{'correct': ['AWS::S3::Bucket'], 'missing': [], 'extra': []}",[],
5,llm_generated_data/template/iterative/deepseek/openrouter/arcee-ai/trinity-large-preview:free/row_5_update_1_template_20260310_185956.yaml,../Data/groud_truth/template/DynamoDB_easy.yaml,True,"{'passed_checks': [{'check_id': 'UIV_CUSTOM_ROW_5', 'check_name': 'user intent for row 5', 'file_path': '/../../../../../../var/folders/mr/k47n2bks0fs1y0cmq922vqbh0000gn/T/temp_checkov_template_stable/template.yaml', 'resource': 'AWS::DynamoDB::Table.ArtistConcertTable'}], 'failed_checks': []}",100.0,50.0,"{'correct': ['AWS::DynamoDB::Table'], 'missing': [], 'extra': ['AWS::IAM::ManagedPolicy']}",[],
7,llm_generated_data/template/iterative/deepseek/openrouter/arcee-ai/trinity-large-preview:free/row_7_update_5_template_20260310_190419.yaml,../Data/groud_truth/template/virtualmachine.yaml,False,"{'passed_checks': [{'check_id': 'UIV_CUSTOM_ROW_7A', 'check_name': 'user intent for row 7', 'file_path': '/../../../../../../var/folders/mr/k47n2bks0fs1y0cmq922vqbh0000gn/T/temp_checkov_template_stable/template.yaml', 'resource': 'AWS::EC2::Instance.EC2Instance'}], 'failed_checks': []}",33.33333333333333,100.0,"{'correct': ['AWS::EC2::SecurityGroup', 'AWS::EC2::Instance'], 'missing': ['AWS::EC2::Subnet', 'AWS::IAM::Role', 'AWS::IAM::InstanceProfile', 'AWS::EC2::VPC'], 'extra': []}","['AWS::EC2::Subnet', 'AWS::IAM::Role', 'AWS::IAM::InstanceProfile', 'AWS::EC2::VPC']",
9,llm_generated_data/template/iterative/deepseek/openrouter/arcee-ai/trinity-large-preview:free/row_9_update_5_template_20260310_190725.yaml,../Data/groud_truth/template/EFS_encrypted_one_zone.yaml,False,"{'passed_checks': [], 'failed_checks': [{'check_id': 'UIV_CUSTOM_ROW_9', 'check_name': 'user intent for row 9', 'file_path': '/../../../../../../var/folders/mr/k47n2bks0fs1y0cmq922vqbh0000gn/T/temp_checkov_template_stable/template.yaml', 'resource': 'AWS::EFS::FileSystem.EncryptedOneZoneFileSystem', 'guideline': None}]}",33.33333333333333,100.0,"{'correct': ['AWS::EFS::MountTarget', 'AWS::EFS::FileSystem'], 'missing': ['AWS::KMS::Key', 'AWS::EC2::Subnet', 'AWS::EC2::VPC', 'AWS::EFS::AccessPoint'], 'extra': []}","['AWS::KMS::Key', 'AWS::EC2::Subnet', 'AWS::EC2::VPC', 'AWS::EFS::AccessPoint']",
11,llm_generated_data/template/iterative/deepseek/openrouter/arcee-ai/trinity-large-preview:free/row_11_update_5_template_20260310_191159.yaml,../Data/groud_truth/template/dynamo.yaml,True,"{'passed_checks': [{'check_id': 'UIV_CUSTOM_ROW_11', 'check_name': 'user intent for row 11', 'file_path': '/../../../../../../var/folders/mr/k47n2bks0fs1y0cmq922vqbh0000gn/T/temp_checkov_template_stable/template.yaml', 'resource': 'AWS::DynamoDB::Table.NotificationReportingTable'}], 'failed_checks': []}",100.0,100.0,"{'correct': ['AWS::DynamoDB::Table'], 'missing': [], 'extra': []}",[],
14,llm_generated_data/template/iterative/deepseek/openrouter/arcee-ai/trinity-large-preview:free/row_14_update_2_template_20260310_191832.yaml,../Data/groud_truth/template/SingleENIwithMultipleEIPs.yaml,False,"{'passed_checks': [], 'failed_checks': [{'check_id': 'UIV_CUSTOM_ROW_14B', 'check_name': 'user intent for row 14B', 'file_path': '/../../../../../../var/folders/mr/k47n2bks0fs1y0cmq922vqbh0000gn/T/temp_checkov_template_stable/template.yaml', 'resource': 'AWS::EC2::EIPAssociation.EIPAssociation1', 'guideline': None}, {'check_id': 'UIV_CUSTOM_ROW_14B', 'check_name': 'user intent for row 14B', 'file_path': '/../../../../../../var/folders/mr/k47n2bks0fs1y0cmq922vqbh0000gn/T/temp_checkov_template_stable/template.yaml', 'resource': 'AWS::EC2::EIPAssociation.EIPAssociation2', 'guideline': None}, {'check_id': 'UIV_CUSTOM_ROW_14A', 'check_name': 'user intent for row 14A', 'file_path': '/../../../../../../var/folders/mr/k47n2bks0fs1y0cmq922vqbh0000gn/T/temp_checkov_template_stable/template.yaml', 'resource': 'AWS::EC2::NetworkInterface.MyNetworkInterface', 'guideline': None}, {'check_id': 'UIV_CUSTOM_ROW_14A', 'check_name': 'user intent for row 14A', 'file_path': '/../../../../../../var/folders/mr/k47n2bks0fs1y0cmq922vqbh0000gn/T/temp_checkov_template_stable/template.yaml', 'resource': 'AWS::EC2::EIPAssociation.EIPAssociation1', 'guideline': None}, {'check_id': 'UIV_CUSTOM_ROW_14A', 'check_name': 'user intent for row 14A', 'file_path': '/../../../../../../var/folders/mr/k47n2bks0fs1y0cmq922vqbh0000gn/T/temp_checkov_template_stable/template.yaml', 'resource': 'AWS::EC2::EIPAssociation.EIPAssociation2', 'guideline': None}]}",55.55555555555556,100.0,"{'correct': ['AWS::EC2::NetworkInterface', 'AWS::EC2::EIPAssociation', 'AWS::EC2::EIPAssociation', 'AWS::EC2::EIP', 'AWS::EC2::EIP'], 'missing': ['AWS::EC2::Subnet', 'AWS::EC2::InternetGateway', 'AWS::EC2::VPCGatewayAttachment', 'AWS::EC2::VPC'], 'extra': []}","['AWS::EC2::Subnet', 'AWS::EC2::InternetGateway', 'AWS::EC2::VPCGatewayAttachment', 'AWS::EC2::VPC']",
18,llm_generated_data/template/iterative/deepseek/openrouter/arcee-ai/trinity-large-preview:free/row_18_update_5_template_20260310_192628.yaml,../Data/groud_truth/template/dynamodb_with_eventbridge.yaml,False,"{'passed_checks': [], 'failed_checks': [{'check_id': 'UIV_CUSTOM_ROW_18', 'check_name': 'user intent for row 18', 'file_path': '/../../../../../../var/folders/mr/k47n2bks0fs1y0cmq922vqbh0000gn/T/temp_checkov_template_stable/template.yaml', 'resource': 'AWS::Pipes::Pipe.EventBridgePipe', 'guideline': None}, {'check_id': 'UIV_CUSTOM_ROW_18', 'check_name': 'user intent for row 18', 'file_path': '/../../../../../../var/folders/mr/k47n2bks0fs1y0cmq922vqbh0000gn/T/temp_checkov_template_stable/template.yaml', 'resource': 'AWS::IAM::Role.PipeRole', 'guideline': None}, {'check_id': 'UIV_CUSTOM_ROW_18', 'check_name': 'user intent for row 18', 'file_path': '/../../../../../../var/folders/mr/k47n2bks0fs1y0cmq922vqbh0000gn/T/temp_checkov_template_stable/template.yaml', 'resource': 'AWS::DynamoDB::Table.DynamoDBTable', 'guideline': None}, {'check_id': 'UIV_CUSTOM_ROW_18', 'check_name': 'user intent for row 18', 'file_path': '/../../../../../../var/folders/mr/k47n2bks0fs1y0cmq922vqbh0000gn/T/temp_checkov_template_stable/template.yaml', 'resource': 'AWS::Events::EventBus.EventBridgeBus', 'guideline': None}]}",100.0,100.0,"{'correct': ['AWS::DynamoDB::Table', 'AWS::Events::EventBus', 'AWS::Pipes::Pipe', 'AWS::IAM::Role'], 'missing': [], 'extra': []}",[],
20,llm_generated_data/template/iterative/deepseek/openrouter/arcee-ai/trinity-large-preview:free/row_20_update_2_template_20260310_192921.yaml,../Data/groud_truth/template/CloudWatch_Dashboard_ClientVPN.yaml,True,"{'passed_checks': [{'check_id': 'UIV_CUSTOM_ROW_20', 'check_name': 'user intent for row 20', 'file_path': '/../../../../../../var/folders/mr/k47n2bks0fs1y0cmq922vqbh0000gn/T/temp_checkov_template_stable/template.yaml', 'resource': 'AWS::CloudWatch::Dashboard.ClientVPNAnalysisDashboard'}], 'failed_checks': [{'check_id': 'UIV_CUSTOM_ROW_20', 'check_name': 'user intent for row 20', 'file_path': '/../../../../../../var/folders/mr/k47n2bks0fs1y0cmq922vqbh0000gn/T/temp_checkov_template_stable/template.yaml', 'resource': 'AWS::Logs::QueryDefinition.ConnectionDurationQuery', 'guideline': None}, {'check_id': 'UIV_CUSTOM_ROW_20', 'check_name': 'user intent for row 20', 'file_path': '/../../../../../../var/folders/mr/k47n2bks0fs1y0cmq922vqbh0000gn/T/temp_checkov_template_stable/template.yaml', 'resource': 'AWS::Logs::QueryDefinition.DataTransferQuery', 'guideline': None}, {'check_id': 'UIV_CUSTOM_ROW_20', 'check_name': 'user intent for row 20', 'file_path': '/../../../../../../var/folders/mr/k47n2bks0fs1y0cmq922vqbh0000gn/T/temp_checkov_template_stable/template.yaml', 'resource': 'AWS::Logs::QueryDefinition.UserActivityQuery', 'guideline': None}, {'check_id': 'UIV_CUSTOM_ROW_20', 'check_name': 'user intent for row 20', 'file_path': '/../../../../../../var/folders/mr/k47n2bks0fs1y0cmq922vqbh0000gn/T/temp_checkov_template_stable/template.yaml', 'resource': 'AWS::Logs::QueryDefinition.EndpointUsageQuery', 'guideline': None}]}",35.714285714285715,100.0,"{'correct': ['AWS::CloudWatch::Dashboard', 'AWS::Logs::QueryDefinition', 'AWS::Logs::QueryDefinition', 'AWS::Logs::QueryDefinition', 'AWS::Logs::QueryDefinition'], 'missing': ['AWS::Logs::QueryDefinition', 'AWS::Logs::QueryDefinition', 'AWS::Logs::QueryDefinition', 'AWS::Logs::QueryDefinition', 'AWS::Logs::QueryDefinition', 'AWS::Logs::QueryDefinition', 'AWS::Logs::QueryDefinition', 'AWS::Logs::QueryDefinition', 'AWS::Logs::QueryDefinition'], 'extra': []}","['AWS::Logs::QueryDefinition', 'AWS::Logs::QueryDefinition', 'AWS::Logs::QueryDefinition', 'AWS::Logs::QueryDefinition', 'AWS::Logs::QueryDefinition', 'AWS::Logs::QueryDefinition', 'AWS::Logs::QueryDefinition', 'AWS::Logs::QueryDefinition', 'AWS::Logs::QueryDefinition']",
27,llm_generated_data/template/iterative/deepseek/openrouter/arcee-ai/trinity-large-preview:free/row_27_update_3_template_20260310_194706.yaml,../Data/groud_truth/template/sam_kinesis.yaml,True,"{'passed_checks': [{'check_id': 'UIV_CUSTOM_ROW_27A', 'check_name': 'user intent for row 27A', 'file_path': '/../../../../../../var/folders/mr/k47n2bks0fs1y0cmq922vqbh0000gn/T/temp_checkov_template_stable/template.yaml', 'resource': 'AWS::Kinesis::Stream.KinesisStream'}], 'failed_checks': []}",80.0,100.0,"{'correct': ['AWS::KinesisFirehose::DeliveryStream', 'AWS::Kinesis::Stream', 'AWS::IAM::Role', 'AWS::S3::Bucket'], 'missing': ['AWS::IAM::Policy'], 'extra': []}",['AWS::IAM::Policy'],
30,llm_generated_data/template/iterative/deepseek/openrouter/arcee-ai/trinity-large-preview:free/row_30_update_5_template_20260310_200444.yaml,../Data/groud_truth/template/efs-provisioned.yaml,False,"{'passed_checks': [{'check_id': 'UIV_CUSTOM_ROW_30A', 'check_name': 'user intent for row 30A', 'file_path': '/../../../../../../var/folders/mr/k47n2bks0fs1y0cmq922vqbh0000gn/T/temp_checkov_template_stable/template.yaml', 'resource': 'AWS::EC2::VPC.VPC'}, {'check_id': 'UIV_CUSTOM_ROW_30A', 'check_name': 'user intent for row 30A', 'file_path': '/../../../../../../var/folders/mr/k47n2bks0fs1y0cmq922vqbh0000gn/T/temp_checkov_template_stable/template.yaml', 'resource': 'AWS::EC2::Subnet.PublicSubnet1'}, {'check_id': 'UIV_CUSTOM_ROW_30A', 'check_name': 'user intent for row 30A', 'file_path': '/../../../../../../var/folders/mr/k47n2bks0fs1y0cmq922vqbh0000gn/T/temp_checkov_template_stable/template.yaml', 'resource': 'AWS::EC2::Subnet.PublicSubnet2'}], 'failed_checks': [{'check_id': 'UIV_CUSTOM_ROW_30B', 'check_name': 'user intent for row 30B', 'file_path': '/../../../../../../var/folders/mr/k47n2bks0fs1y0cmq922vqbh0000gn/T/temp_checkov_template_stable/template.yaml', 'resource': 'AWS::EFS::FileSystem.EFSFileSystem', 'guideline': None}, {'check_id': 'UIV_CUSTOM_ROW_30B', 'check_name': 'user intent for row 30B', 'file_path': '/../../../../../../var/folders/mr/k47n2bks0fs1y0cmq922vqbh0000gn/T/temp_checkov_template_stable/template.yaml', 'resource': 'AWS::EFS::MountTarget.MountTarget1', 'guideline': None}, {'check_id': 'UIV_CUSTOM_ROW_30B', 'check_name': 'user intent for row 30B', 'file_path': '/../../../../../../var/folders/mr/k47n2bks0fs1y0cmq922vqbh0000gn/T/temp_checkov_template_stable/template.yaml', 'resource': 'AWS::EFS::MountTarget.MountTarget2', 'guideline': None}, {'check_id': 'UIV_CUSTOM_ROW_30B', 'check_name': 'user intent for row 30B', 'file_path': '/../../../../../../var/folders/mr/k47n2bks0fs1y0cmq922vqbh0000gn/T/temp_checkov_template_stable/template.yaml', 'resource': 'AWS::IAM::Role.EC2Role', 'guideline': None}, {'check_id': 'UIV_CUSTOM_ROW_30B', 'check_name': 'user intent for row 30B', 'file_path': '/../../../../../../var/folders/mr/k47n2bks0fs1y0cmq922vqbh0000gn/T/temp_checkov_template_stable/template.yaml', 'resource': 'AWS::CloudWatch::Alarm.CloudWatchAlarmIO', 'guideline': None}, {'check_id': 'UIV_CUSTOM_ROW_30B', 'check_name': 'user intent for row 30B', 'file_path': '/../../../../../../var/folders/mr/k47n2bks0fs1y0cmq922vqbh0000gn/T/temp_checkov_template_stable/template.yaml', 'resource': 'AWS::CloudWatch::Alarm.CloudWatchAlarmThroughput', 'guideline': None}]}",92.0,92.0,"{'correct': ['AWS::EC2::Subnet', 'AWS::EC2::Subnet', 'AWS::EC2::NetworkAclEntry', 'AWS::EC2::NetworkAclEntry', 'AWS::EC2::SecurityGroup', 'AWS::EC2::SecurityGroup', 'AWS::IAM::InstanceProfile', 'AWS::CloudWatch::Alarm', 'AWS::CloudWatch::Alarm', 'AWS::IAM::Role', 'AWS::EC2::Route', 'AWS::EFS::MountTarget', 'AWS::EFS::MountTarget', 'AWS::EC2::InternetGateway', 'AWS::EC2::RouteTable', 'AWS::EC2::NetworkAcl', 'AWS::EC2::VPCGatewayAttachment', 'AWS::EFS::FileSystem', 'AWS::EC2::VPC', 'AWS::EC2::SubnetRouteTableAssociation', 'AWS::EC2::SubnetRouteTableAssociation', 'AWS::EC2::Instance', 'AWS::EC2::Instance'], 'missing': ['AWS::EC2::SubnetNetworkAclAssociation', 'AWS::EC2::SubnetNetworkAclAssociation'], 'extra': ['AWS::SNS::Topic', 'AWS::SSM::Parameter']}","['AWS::EC2::SubnetNetworkAclAssociation', 'AWS::EC2::SubnetNetworkAclAssociation']",
31,llm_generated_data/template/iterative/deepseek/openrouter/arcee-ai/trinity-large-preview:free/row_31_update_5_template_20260310_201458.yaml,../Data/groud_truth/template/codedeploy.yaml,False,"{'passed_checks': [{'check_id': 'CKV2_AWS_69', 'check_name': 'Ensure AWS RDS database instance configured with encryption in transit', 'file_path': '/../../../../../../var/folders/mr/k47n2bks0fs1y0cmq922vqbh0000gn/T/temp_checkov_template_stable/template.yaml', 'resource': 'AWS::RDS::DBInstance.RDSInstance'}, {'check_id': 'UIV_CUSTOM_ROW_31C', 'check_name': 'user intent for row 31C', 'file_path': '/../../../../../../var/folders/mr/k47n2bks0fs1y0cmq922vqbh0000gn/T/temp_checkov_template_stable/template.yaml', 'resource': 'AWS::AutoScaling::AutoScalingGroup.AutoScalingGroup'}, {'check_id': 'UIV_CUSTOM_ROW_31B', 'check_name': 'user intent for row 31B', 'file_path': '/../../../../../../var/folders/mr/k47n2bks0fs1y0cmq922vqbh0000gn/T/temp_checkov_template_stable/template.yaml', 'resource': 'AWS::ElasticLoadBalancingV2::LoadBalancer.ALB'}, {'check_id': 'UIV_CUSTOM_ROW_31A', 'check_name': 'user intent for row 31A', 'file_path': '/../../../../../../var/folders/mr/k47n2bks0fs1y0cmq922vqbh0000gn/T/temp_checkov_template_stable/template.yaml', 'resource': 'AWS::EC2::VPC.VPC'}], 'failed_checks': [{'check_id': 'UIV_CUSTOM_ROW_31D', 'check_name': 'user intent for row 31D', 'file_path': '/../../../../../../var/folders/mr/k47n2bks0fs1y0cmq922vqbh0000gn/T/temp_checkov_template_stable/template.yaml', 'resource': 'AWS::RDS::DBInstance.RDSInstance', 'guideline': None}]}",83.87096774193549,92.85714285714286,"{'correct': ['AWS::EC2::SecurityGroup', 'AWS::EC2::SecurityGroup', 'AWS::EC2::SecurityGroup', 'AWS::IAM::InstanceProfile', 'AWS::RDS::DBInstance', 'AWS::ElasticLoadBalancingV2::Listener', 'AWS::IAM::Role', 'AWS::IAM::Role', 'AWS::AutoScaling::AutoScalingGroup', 'AWS::EC2::LaunchTemplate', 'AWS::CodeDeploy::DeploymentGroup', 'AWS::ElasticLoadBalancingV2::LoadBalancer', 'AWS::EC2::VPCGatewayAttachment', 'AWS::ElasticLoadBalancingV2::TargetGroup', 'AWS::EC2::VPC', 'AWS::EC2::Subnet', 'AWS::EC2::Subnet', 'AWS::CodeDeploy::Application', 'AWS::SSM::Parameter', 'AWS::S3::Bucket', 'AWS::RDS::DBSubnetGroup', 'AWS::EC2::Route', 'AWS::EC2::InternetGateway', 'AWS::EC2::RouteTable', 'AWS::EC2::SubnetRouteTableAssociation', 'AWS::EC2::SubnetRouteTableAssociation'], 'missing': ['AWS::EC2::NetworkAcl', 'AWS::EC2::NetworkAclEntry', 'AWS::EC2::NetworkAclEntry', 'AWS::EC2::SubnetNetworkAclAssociation', 'AWS::EC2::SubnetNetworkAclAssociation'], 'extra': ['AWS::SecretsManager::Secret', 'AWS::S3::BucketPolicy']}","['AWS::EC2::NetworkAcl', 'AWS::EC2::NetworkAclEntry', 'AWS::EC2::NetworkAclEntry', 'AWS::EC2::SubnetNetworkAclAssociation', 'AWS::EC2::SubnetNetworkAclAssociation']",
34,llm_generated_data/template/iterative/deepseek/openrouter/arcee-ai/trinity-large-preview:free/row_34_update_5_template_20260310_202227.yaml,../Data/groud_truth/template/RDS_PIOPS.yaml,False,"{'passed_checks': [{'check_id': 'CKV2_AWS_69', 'check_name': 'Ensure AWS RDS database instance configured with encryption in transit', 'file_path': '/../../../../../../var/folders/mr/k47n2bks0fs1y0cmq922vqbh0000gn/T/temp_checkov_template_stable/template.yaml', 'resource': 'AWS::RDS::DBInstance.MySQLRDSInstance'}, {'check_id': 'UIV_CUSTOM_ROW_34B', 'check_name': 'user intent for row 34B', 'file_path': '/../../../../../../var/folders/mr/k47n2bks0fs1y0cmq922vqbh0000gn/T/temp_checkov_template_stable/template.yaml', 'resource': 'AWS::RDS::DBSubnetGroup.DBSubnetGroup'}, {'check_id': 'UIV_CUSTOM_ROW_34C', 'check_name': 'user intent for row 34C', 'file_path': '/../../../../../../var/folders/mr/k47n2bks0fs1y0cmq922vqbh0000gn/T/temp_checkov_template_stable/template.yaml', 'resource': 'AWS::EC2::SecurityGroup.RDSSecurityGroup'}, {'check_id': 'UIV_CUSTOM_ROW_34A', 'check_name': 'user intent for row 34A', 'file_path': '/../../../../../../var/folders/mr/k47n2bks0fs1y0cmq922vqbh0000gn/T/temp_checkov_template_stable/template.yaml', 'resource': 'AWS::EC2::VPC.VPC'}], 'failed_checks': [{'check_id': 'UIV_CUSTOM_ROW_34D', 'check_name': 'user intent for row 34CD', 'file_path': '/../../../../../../var/folders/mr/k47n2bks0fs1y0cmq922vqbh0000gn/T/temp_checkov_template_stable/template.yaml', 'resource': 'AWS::RDS::DBInstance.MySQLRDSInstance', 'guideline': None}]}",66.66666666666666,100.0,"{'correct': ['AWS::EC2::Subnet', 'AWS::EC2::Subnet', 'AWS::EC2::SecurityGroup', 'AWS::RDS::DBInstance', 'AWS::RDS::DBSubnetGroup', 'AWS::EC2::VPC'], 'missing': ['AWS::EC2::InternetGateway', 'AWS::EC2::VPCGatewayAttachment', 'AWS::SecretsManager::Secret'], 'extra': []}","['AWS::EC2::InternetGateway', 'AWS::EC2::VPCGatewayAttachment', 'AWS::SecretsManager::Secret']",
35,llm_generated_data/template/iterative/deepseek/openrouter/arcee-ai/trinity-large-preview:free/row_35_update_5_template_20260310_202600.yaml,../Data/groud_truth/template/RDS_Snapshot_On_Delete.yaml,False,"{'passed_checks': [{'check_id': 'CKV2_AWS_69', 'check_name': 'Ensure AWS RDS database instance configured with encryption in transit', 'file_path': '/../../../../../../var/folders/mr/k47n2bks0fs1y0cmq922vqbh0000gn/T/temp_checkov_template_stable/template.yaml', 'resource': 'AWS::RDS::DBInstance.RDSInstance'}, {'check_id': 'UIV_CUSTOM_ROW_35B', 'check_name': 'user intent for row 35B', 'file_path': '/../../../../../../var/folders/mr/k47n2bks0fs1y0cmq922vqbh0000gn/T/temp_checkov_template_stable/template.yaml', 'resource': 'AWS::RDS::DBSubnetGroup.DBSubnetGroup'}, {'check_id': 'UIV_CUSTOM_ROW_35A', 'check_name': 'user intent for row 35A', 'file_path': '/../../../../../../var/folders/mr/k47n2bks0fs1y0cmq922vqbh0000gn/T/temp_checkov_template_stable/template.yaml', 'resource': 'AWS::EC2::Subnet.SubnetA'}, {'check_id': 'UIV_CUSTOM_ROW_35A', 'check_name': 'user intent for row 35A', 'file_path': '/../../../../../../var/folders/mr/k47n2bks0fs1y0cmq922vqbh0000gn/T/temp_checkov_template_stable/template.yaml', 'resource': 'AWS::EC2::Subnet.SubnetB'}], 'failed_checks': [{'check_id': 'UIV_CUSTOM_ROW_35C', 'check_name': 'user intent for row 35C', 'file_path': '/../../../../../../var/folders/mr/k47n2bks0fs1y0cmq922vqbh0000gn/T/temp_checkov_template_stable/template.yaml', 'resource': 'AWS::RDS::DBInstance.RDSInstance', 'guideline': None}]}",92.3076923076923,100.0,"{'correct': ['AWS::EC2::Subnet', 'AWS::EC2::Subnet', 'AWS::EC2::SecurityGroup', 'AWS::RDS::DBInstance', 'AWS::RDS::DBSubnetGroup', 'AWS::EC2::Route', 'AWS::EC2::InternetGateway', 'AWS::EC2::RouteTable', 'AWS::EC2::VPCGatewayAttachment', 'AWS::EC2::VPC', 'AWS::EC2::SubnetRouteTableAssociation', 'AWS::EC2::SubnetRouteTableAssociation'], 'missing': ['AWS::SecretsManager::Secret'], 'extra': []}",['AWS::SecretsManager::Secret'],
52,llm_generated_data/template/iterative/deepseek/openrouter/arcee-ai/trinity-large-preview:free/row_52_update_5_template_20260310_210815.yaml,../Data/groud_truth/template/Route53-ARC-routing-control.yaml,False,"{'passed_checks': [{'check_id': 'UIV_CUSTOM_ROW_52A', 'check_name': 'user intent for row 52A', 'file_path': '/../../../../../../var/folders/mr/k47n2bks0fs1y0cmq922vqbh0000gn/T/temp_checkov_template_stable/template.yaml', 'resource': 'AWS::Route53RecoveryControl::RoutingControl.RoutingControlRegion1'}, {'check_id': 'UIV_CUSTOM_ROW_52A', 'check_name': 'user intent for row 52A', 'file_path': '/../../../../../../var/folders/mr/k47n2bks0fs1y0cmq922vqbh0000gn/T/temp_checkov_template_stable/template.yaml', 'resource': 'AWS::Route53RecoveryControl::RoutingControl.RoutingControlRegion2'}], 'failed_checks': [{'check_id': 'UIV_CUSTOM_ROW_52B', 'check_name': 'user intent for row 52B', 'file_path': '/../../../../../../var/folders/mr/k47n2bks0fs1y0cmq922vqbh0000gn/T/temp_checkov_template_stable/template.yaml', 'resource': 'AWS::Route53RecoveryControl::SafetyRule.SafetyRule', 'guideline': None}]}",57.14285714285714,57.14285714285714,"{'correct': ['AWS::Route53RecoveryControl::SafetyRule', 'AWS::Route53RecoveryControl::RoutingControl', 'AWS::Route53RecoveryControl::RoutingControl', 'AWS::Route53RecoveryControl::ControlPanel'], 'missing': ['AWS::Route53RecoveryControl::Cluster', 'AWS::Route53::HealthCheck', 'AWS::Route53::HealthCheck'], 'extra': ['AWS::Route53RecoveryCluster::Cluster', 'AWS::Route53RecoveryControl::HealthCheck', 'AWS::Route53RecoveryControl::HealthCheck']}","['AWS::Route53RecoveryControl::Cluster', 'AWS::Route53::HealthCheck', 'AWS::Route53::HealthCheck']",
55,llm_generated_data/template/iterative/deepseek/openrouter/arcee-ai/trinity-large-preview:free/row_55_update_1_template_20260310_211231.yaml,../Data/groud_truth/template/client_security_group.yaml,True,"{'passed_checks': [{'check_id': 'UIV_CUSTOM_ROW_55A', 'check_name': 'user intent for row 55A', 'file_path': '/../../../../../../var/folders/mr/k47n2bks0fs1y0cmq922vqbh0000gn/T/temp_checkov_template_stable/template.yaml', 'resource': 'AWS::EC2::VPC.MyVPC'}], 'failed_checks': []}",100.0,100.0,"{'correct': ['AWS::EC2::VPC', 'AWS::EC2::SecurityGroup'], 'missing': [], 'extra': []}",[],
59,llm_generated_data/template/iterative/deepseek/openrouter/arcee-ai/trinity-large-preview:free/row_59_update_2_template_20260310_212149.yaml,../Data/groud_truth/template/kinesis-data-stream.yaml,True,"{'passed_checks': [{'check_id': 'UIV_CUSTOM_ROW_59A', 'check_name': 'user intent for row 59A', 'file_path': '/../../../../../../var/folders/mr/k47n2bks0fs1y0cmq922vqbh0000gn/T/temp_checkov_template_stable/template.yaml', 'resource': 'AWS::Kinesis::Stream.KinesisDataStream'}, {'check_id': 'UIV_CUSTOM_ROW_59B', 'check_name': 'user intent for row 58B', 'file_path': '/../../../../../../var/folders/mr/k47n2bks0fs1y0cmq922vqbh0000gn/T/temp_checkov_template_stable/template.yaml', 'resource': 'AWS::CloudWatch::Alarm.ReadThroughputAlarm'}, {'check_id': 'UIV_CUSTOM_ROW_59B', 'check_name': 'user intent for row 58B', 'file_path': '/../../../../../../var/folders/mr/k47n2bks0fs1y0cmq922vqbh0000gn/T/temp_checkov_template_stable/template.yaml', 'resource': 'AWS::CloudWatch::Alarm.WriteThroughputAlarm'}], 'failed_checks': []}",100.0,75.0,"{'correct': ['AWS::CloudWatch::Alarm', 'AWS::CloudWatch::Alarm', 'AWS::Kinesis::Stream'], 'missing': [], 'extra': ['AWS::SNS::Topic']}",[],
60,llm_generated_data/template/iterative/deepseek/openrouter/arcee-ai/trinity-large-preview:free/row_60_update_1_template_20260310_212215.yaml,../Data/groud_truth/template/kms-key.yaml,True,"{'passed_checks': [{'check_id': 'UIV_CUSTOM_ROW_60A', 'check_name': 'user intent for row 60A', 'file_path': '/../../../../../../var/folders/mr/k47n2bks0fs1y0cmq922vqbh0000gn/T/temp_checkov_template_stable/template.yaml', 'resource': 'AWS::KMS::Alias.CentralizedEncryptionKeyAlias'}], 'failed_checks': []}",100.0,100.0,"{'correct': ['AWS::KMS::Key', 'AWS::KMS::Alias'], 'missing': [], 'extra': []}",[],
61,llm_generated_data/template/iterative/deepseek/openrouter/arcee-ai/trinity-large-preview:free/row_61_update_5_template_20260310_212318.yaml,../Data/groud_truth/template/route53-hosted-zone-private.yaml,False,"{'passed_checks': [{'check_id': 'UIV_CUSTOM_ROW_61A', 'check_name': 'user intent for row 61A', 'file_path': '/../../../../../../var/folders/mr/k47n2bks0fs1y0cmq922vqbh0000gn/T/temp_checkov_template_stable/template.yaml', 'resource': 'AWS::Route53::HostedZone.PrivateHostedZone'}], 'failed_checks': []}",50.0,100.0,"{'correct': ['AWS::Route53::HostedZone'], 'missing': ['AWS::EC2::VPC'], 'extra': []}",['AWS::EC2::VPC'],
62,llm_generated_data/template/iterative/deepseek/openrouter/arcee-ai/trinity-large-preview:free/row_62_update_5_template_20260310_212547.yaml,../Data/groud_truth/template/rds_2db_instance.yaml,False,"{'passed_checks': [{'check_id': 'CKV2_AWS_69', 'check_name': 'Ensure AWS RDS database instance configured with encryption in transit', 'file_path': '/../../../../../../var/folders/mr/k47n2bks0fs1y0cmq922vqbh0000gn/T/temp_checkov_template_stable/template.yaml', 'resource': 'AWS::RDS::DBInstance.AuroraDBInstance1'}, {'check_id': 'CKV2_AWS_69', 'check_name': 'Ensure AWS RDS database instance configured with encryption in transit', 'file_path': '/../../../../../../var/folders/mr/k47n2bks0fs1y0cmq922vqbh0000gn/T/temp_checkov_template_stable/template.yaml', 'resource': 'AWS::RDS::DBInstance.AuroraDBInstance2'}, {'check_id': 'UIV_CUSTOM_ROW_62B', 'check_name': 'user intent for row 62B', 'file_path': '/../../../../../../var/folders/mr/k47n2bks0fs1y0cmq922vqbh0000gn/T/temp_checkov_template_stable/template.yaml', 'resource': 'AWS::RDS::DBInstance.AuroraDBInstance1'}, {'check_id': 'UIV_CUSTOM_ROW_62B', 'check_name': 'user intent for row 62B', 'file_path': '/../../../../../../var/folders/mr/k47n2bks0fs1y0cmq922vqbh0000gn/T/temp_checkov_template_stable/template.yaml', 'resource': 'AWS::RDS::DBInstance.AuroraDBInstance2'}, {'check_id': 'UIV_CUSTOM_ROW_62B', 'check_name': 'user intent for row 62B', 'file_path': '/../../../../../../var/folders/mr/k47n2bks0fs1y0cmq922vqbh0000gn/T/temp_checkov_template_stable/template.yaml', 'resource': 'AWS::RDS::DBParameterGroup.AuroraDBParameterGroup'}], 'failed_checks': []}",36.36363636363637,100.0,"{'correct': ['AWS::RDS::DBInstance', 'AWS::RDS::DBInstance', 'AWS::RDS::DBCluster', 'AWS::RDS::DBParameterGroup'], 'missing': ['AWS::EC2::Subnet', 'AWS::EC2::Subnet', 'AWS::EC2::InternetGateway', 'AWS::RDS::DBClusterParameterGroup', 'AWS::EC2::VPCGatewayAttachment', 'AWS::RDS::DBSubnetGroup', 'AWS::EC2::VPC'], 'extra': []}","['AWS::EC2::Subnet', 'AWS::EC2::Subnet', 'AWS::EC2::InternetGateway', 'AWS::RDS::DBClusterParameterGroup', 'AWS::EC2::VPCGatewayAttachment', 'AWS::RDS::DBSubnetGroup', 'AWS::EC2::VPC']",
64,llm_generated_data/template/iterative/deepseek/openrouter/arcee-ai/trinity-large-preview:free/row_64_update_5_template_20260310_213422.yaml,../Data/groud_truth/template/arch6-lab3.yaml,False,"{'passed_checks': [], 'failed_checks': [{'check_id': 'UIV_CUSTOM_ROW_64A', 'check_name': 'user intent for row 64A', 'file_path': '/../../../../../../var/folders/mr/k47n2bks0fs1y0cmq922vqbh0000gn/T/temp_checkov_template_stable/template.yaml', 'resource': 'AWS::EC2::Instance.WebServerInstance', 'guideline': None}]}",78.57142857142857,100.0,"{'correct': ['AWS::EC2::Subnet', 'AWS::EC2::Subnet', 'AWS::EC2::SecurityGroup', 'AWS::EC2::Route', 'AWS::EC2::InternetGateway', 'AWS::EC2::RouteTable', 'AWS::EC2::VPCGatewayAttachment', 'AWS::EC2::VPC', 'AWS::EC2::SubnetRouteTableAssociation', 'AWS::EC2::SubnetRouteTableAssociation', 'AWS::EC2::Instance'], 'missing': ['AWS::IAM::InstanceProfile', 'AWS::IAM::Role', 'AWS::EC2::RouteTable'], 'extra': []}","['AWS::IAM::InstanceProfile', 'AWS::IAM::Role', 'AWS::EC2::RouteTable']",
69,llm_generated_data/template/iterative/deepseek/openrouter/arcee-ai/trinity-large-preview:free/row_69_update_1_template_20260310_213951.yaml,../Data/groud_truth/template/s3_dynamodb.yaml,False,"{'passed_checks': [], 'failed_checks': [{'check_id': 'UIV_CUSTOM_ROW_69A', 'check_name': 'user intent for row 69A', 'file_path': '/../../../../../../var/folders/mr/k47n2bks0fs1y0cmq922vqbh0000gn/T/temp_checkov_template_stable/template.yaml', 'resource': 'AWS::DynamoDB::Table.DynamoDBTable', 'guideline': None}]}",80.0,100.0,"{'correct': ['AWS::DynamoDB::Table', 'AWS::EC2::SecurityGroup', 'AWS::S3::Bucket', 'AWS::EC2::VPC'], 'missing': ['AWS::S3::BucketPolicy'], 'extra': []}",['AWS::S3::BucketPolicy'],
73,llm_generated_data/template/iterative/deepseek/openrouter/arcee-ai/trinity-large-preview:free/row_73_update_2_template_20260310_214853.yaml,../Data/groud_truth/template/easy-ecs-cluster.yaml,False,"{'passed_checks': [], 'failed_checks': [{'check_id': 'UIV_CUSTOM_ROW_73A', 'check_name': 'user intent for row 73A', 'file_path': '/../../../../../../var/folders/mr/k47n2bks0fs1y0cmq922vqbh0000gn/T/temp_checkov_template_stable/template.yaml', 'resource': 'AWS::ECS::Cluster.ECSCluster', 'guideline': None}]}",100.0,33.33333333333333,"{'correct': ['AWS::ECS::Cluster'], 'missing': [], 'extra': ['AWS::ECS::CapacityProvider', 'AWS::ECS::CapacityProvider']}",[],
78,llm_generated_data/template/iterative/deepseek/openrouter/arcee-ai/trinity-large-preview:free/row_78_update_2_template_20260310_220929.yaml,../Data/groud_truth/template/ipam.yaml,True,"{'passed_checks': [{'check_id': 'UIV_CUSTOM_ROW_78A', 'check_name': 'user intent for row 78A', 'file_path': '/../../../../../../var/folders/mr/k47n2bks0fs1y0cmq922vqbh0000gn/T/temp_checkov_template_stable/template.yaml', 'resource': 'AWS::EC2::IPAM.IPAM'}], 'failed_checks': []}",100.0,100.0,"{'correct': ['AWS::EC2::IPAM'], 'missing': [], 'extra': []}",[],
81,llm_generated_data/template/iterative/deepseek/openrouter/arcee-ai/trinity-large-preview:free/row_81_update_5_template_20260310_221244.yaml,../Data/groud_truth/template/patch-resource-group.yaml,True,"{'passed_checks': [{'check_id': 'UIV_CUSTOM_ROW_81A', 'check_name': 'user intent for row 81A', 'file_path': '/../../../../../../var/folders/mr/k47n2bks0fs1y0cmq922vqbh0000gn/T/temp_checkov_template_stable/template.yaml', 'resource': 'AWS::ResourceGroups::Group.ResourceGroup'}], 'failed_checks': []}",100.0,100.0,"{'correct': ['AWS::ResourceGroups::Group'], 'missing': [], 'extra': []}",[],
82,llm_generated_data/template/iterative/deepseek/openrouter/arcee-ai/trinity-large-preview:free/row_82_update_3_template_20260310_221351.yaml,../Data/groud_truth/template/alb-notebook-access-logsbucket.yaml,False,"{'passed_checks': [], 'failed_checks': [{'check_id': 'UIV_CUSTOM_ROW_82A', 'check_name': 'user intent for row 82A', 'file_path': '/../../../../../../var/folders/mr/k47n2bks0fs1y0cmq922vqbh0000gn/T/temp_checkov_template_stable/template.yaml', 'resource': 'AWS::S3::Bucket.ALBAccessLogsBucket', 'guideline': None}]}",100.0,100.0,"{'correct': ['AWS::S3::BucketPolicy', 'AWS::S3::Bucket'], 'missing': [], 'extra': []}",[],
83,llm_generated_data/template/iterative/deepseek/openrouter/arcee-ai/trinity-large-preview:free/row_83_update_3_template_20260310_221506.yaml,../Data/groud_truth/template/tgw.yaml,False,"{'passed_checks': [], 'failed_checks': [{'check_id': 'UIV_CUSTOM_ROW_82A', 'check_name': 'user intent for row 82A', 'file_path': '/../../../../../../var/folders/mr/k47n2bks0fs1y0cmq922vqbh0000gn/T/temp_checkov_template_stable/template.yaml', 'resource': 'AWS::EC2::TransitGateway.TransitGateway', 'guideline': None}]}",100.0,100.0,"{'correct': ['AWS::RAM::ResourceShare', 'AWS::EC2::TransitGateway'], 'missing': [], 'extra': []}",[],
87,llm_generated_data/template/iterative/deepseek/openrouter/arcee-ai/trinity-large-preview:free/row_87_update_3_template_20260310_222119.yaml,../Data/groud_truth/template/essentials.yaml,True,"{'passed_checks': [{'check_id': 'UIV_CUSTOM_ROW_87A', 'check_name': 'user intent for row 87A', 'file_path': '/../../../../../../var/folders/mr/k47n2bks0fs1y0cmq922vqbh0000gn/T/temp_checkov_template_stable/template.yaml', 'resource': 'AWS::S3::Bucket.LambdaArtifactsBucket'}, {'check_id': 'UIV_CUSTOM_ROW_87B', 'check_name': 'user intent for row 87B', 'file_path': '/../../../../../../var/folders/mr/k47n2bks0fs1y0cmq922vqbh0000gn/T/temp_checkov_template_stable/template.yaml', 'resource': 'AWS::KMS::Key.LambdaArtifactsKMSKey'}], 'failed_checks': []}",100.0,100.0,"{'correct': ['AWS::KMS::Key', 'AWS::S3::Bucket', 'AWS::S3::BucketPolicy', 'AWS::KMS::Alias'], 'missing': [], 'extra': []}",[],
89,llm_generated_data/template/iterative/deepseek/openrouter/arcee-ai/trinity-large-preview:free/row_89_update_3_template_20260310_222311.yaml,../Data/groud_truth/template/security-hub.yaml,False,"{'passed_checks': [], 'failed_checks': [{'check_id': 'UIV_CUSTOM_ROW_89A', 'check_name': 'user intent for row 89A', 'file_path': '/../../../../../../var/folders/mr/k47n2bks0fs1y0cmq922vqbh0000gn/T/temp_checkov_template_stable/template.yaml', 'resource': 'AWS::SecurityHub::Hub.SecurityHub', 'guideline': None}]}",100.0,100.0,"{'correct': ['AWS::SecurityHub::Hub'], 'missing': [], 'extra': []}",[],
93,llm_generated_data/template/iterative/deepseek/openrouter/arcee-ai/trinity-large-preview:free/row_93_update_5_template_20260310_223409.yaml,../Data/groud_truth/template/BashScriptAssociationTags.yaml,False,"{'passed_checks': [], 'failed_checks': [{'check_id': 'UIV_CUSTOM_ROW_93B', 'check_name': 'user intent for row 93B', 'file_path': '/../../../../../../var/folders/mr/k47n2bks0fs1y0cmq922vqbh0000gn/T/temp_checkov_template_stable/template.yaml', 'resource': 'AWS::SSM::Association.NginxSSMAssociation', 'guideline': None}, {'check_id': 'UIV_CUSTOM_ROW_93A', 'check_name': 'user intent for row 93A', 'file_path': '/../../../../../../var/folders/mr/k47n2bks0fs1y0cmq922vqbh0000gn/T/temp_checkov_template_stable/template.yaml', 'resource': 'AWS::EC2::Instance.EC2Instance', 'guideline': None}]}",100.0,55.55555555555556,"{'correct': ['AWS::IAM::InstanceProfile', 'AWS::SSM::Association', 'AWS::IAM::Role', 'AWS::S3::Bucket', 'AWS::EC2::Instance'], 'missing': [], 'extra': ['AWS::SNS::Topic', 'AWS::IAM::Policy', 'AWS::CloudWatch::Alarm', 'AWS::Logs::LogGroup']}",[],
94,llm_generated_data/template/iterative/deepseek/openrouter/arcee-ai/trinity-large-preview:free/row_94_update_5_template_20260310_223859.yaml,../Data/groud_truth/template/BashScriptSSMAutomation.yaml,False,"{'passed_checks': [{'check_id': 'UIV_CUSTOM_ROW_94A', 'check_name': 'user intent for row 94A', 'file_path': '/../../../../../../var/folders/mr/k47n2bks0fs1y0cmq922vqbh0000gn/T/temp_checkov_template_stable/template.yaml', 'resource': 'AWS::SSM::Document.SSMAutomationDocument'}], 'failed_checks': [{'check_id': 'UIV_CUSTOM_ROW_94B', 'check_name': 'user intent for row 94B', 'file_path': '/../../../../../../var/folders/mr/k47n2bks0fs1y0cmq922vqbh0000gn/T/temp_checkov_template_stable/template.yaml', 'resource': 'AWS::EC2::Instance.EC2Instance', 'guideline': None}, {'check_id': 'UIV_CUSTOM_ROW_93B', 'check_name': 'user intent for row 93B', 'file_path': '/../../../../../../var/folders/mr/k47n2bks0fs1y0cmq922vqbh0000gn/T/temp_checkov_template_stable/template.yaml', 'resource': 'AWS::SSM::Association.SSMAssociation', 'guideline': None}]}",85.71428571428571,66.66666666666666,"{'correct': ['AWS::IAM::InstanceProfile', 'AWS::SSM::Association', 'AWS::IAM::Role', 'AWS::S3::Bucket', 'AWS::SSM::Document', 'AWS::EC2::Instance'], 'missing': ['AWS::IAM::Role'], 'extra': ['AWS::EC2::SecurityGroup', 'AWS::SSM::Parameter', 'AWS::S3::BucketPolicy']}",['AWS::IAM::Role'],
101,llm_generated_data/template/iterative/deepseek/openrouter/arcee-ai/trinity-large-preview:free/row_101_update_5_template_20260310_230544.yaml,../Data/groud_truth/template/vpc-flow-logs-custom.yaml,False,"{'passed_checks': [{'check_id': 'UIV_CUSTOM_ROW_101A', 'check_name': 'user intent for row 101A', 'file_path': '/../../../../../../var/folders/mr/k47n2bks0fs1y0cmq922vqbh0000gn/T/temp_checkov_template_stable/template.yaml', 'resource': 'AWS::S3::Bucket.FlowLogBucket'}], 'failed_checks': [{'check_id': 'UIV_CUSTOM_ROW_101B', 'check_name': 'user intent for row 101B', 'file_path': '/../../../../../../var/folders/mr/k47n2bks0fs1y0cmq922vqbh0000gn/T/temp_checkov_template_stable/template.yaml', 'resource': 'AWS::EC2::FlowLog.FlowLog', 'guideline': None}]}",80.0,100.0,"{'correct': ['AWS::S3::Bucket', 'AWS::EC2::VPC', 'AWS::EC2::FlowLog', 'AWS::S3::BucketPolicy'], 'missing': ['AWS::EC2::FlowLog'], 'extra': []}",['AWS::EC2::FlowLog'],
103,llm_generated_data/template/iterative/deepseek/openrouter/arcee-ai/trinity-large-preview:free/row_103_update_5_template_20260310_231552.yaml,../Data/groud_truth/template/security-lab-stack.yaml,False,"{'passed_checks': [{'check_id': 'UIV_CUSTOM_ROW_103B', 'check_name': 'user intent for row 103B', 'file_path': '/../../../../../../var/folders/mr/k47n2bks0fs1y0cmq922vqbh0000gn/T/temp_checkov_template_stable/template.yaml', 'resource': 'AWS::S3::Bucket.LogBucket'}], 'failed_checks': [{'check_id': 'UIV_CUSTOM_ROW_103A', 'check_name': 'user intent for row 103A', 'file_path': '/../../../../../../var/folders/mr/k47n2bks0fs1y0cmq922vqbh0000gn/T/temp_checkov_template_stable/template.yaml', 'resource': 'AWS::EC2::Instance.WebServerInstance', 'guideline': None}]}",100.0,100.0,"{'correct': ['AWS::EC2::Subnet', 'AWS::EC2::SecurityGroup', 'AWS::IAM::InstanceProfile', 'AWS::IAM::Role', 'AWS::S3::Bucket', 'AWS::S3::BucketPolicy', 'AWS::EC2::Route', 'AWS::EC2::InternetGateway', 'AWS::EC2::RouteTable', 'AWS::EC2::VPCGatewayAttachment', 'AWS::EC2::VPC', 'AWS::EC2::SubnetRouteTableAssociation', 'AWS::EC2::Instance'], 'missing': [], 'extra': []}",[],
104,llm_generated_data/template/iterative/deepseek/openrouter/arcee-ai/trinity-large-preview:free/row_104_update_5_template_20260310_232053.yaml,../Data/groud_truth/template/sample_environment_template.yaml,True,"{'passed_checks': [{'check_id': 'UIV_CUSTOM_ROW_104A', 'check_name': 'user intent for row 104A', 'file_path': '/../../../../../../var/folders/mr/k47n2bks0fs1y0cmq922vqbh0000gn/T/temp_checkov_template_stable/template.yaml', 'resource': 'AWS::EC2::Instance.AdminInstance'}, {'check_id': 'UIV_CUSTOM_ROW_104A', 'check_name': 'user intent for row 104A', 'file_path': '/../../../../../../var/folders/mr/k47n2bks0fs1y0cmq922vqbh0000gn/T/temp_checkov_template_stable/template.yaml', 'resource': 'AWS::EC2::Instance.DevInstances'}], 'failed_checks': []}",70.58823529411765,92.3076923076923,"{'correct': ['AWS::EC2::Subnet', 'AWS::EC2::SecurityGroup', 'AWS::IAM::InstanceProfile', 'AWS::IAM::Role', 'AWS::EC2::Route', 'AWS::EC2::InternetGateway', 'AWS::EC2::RouteTable', 'AWS::EC2::VPCGatewayAttachment', 'AWS::EC2::VPC', 'AWS::EC2::SubnetRouteTableAssociation', 'AWS::EC2::Instance', 'AWS::EC2::Instance'], 'missing': ['AWS::IAM::Policy', 'AWS::EC2::Instance', 'AWS::EC2::Instance', 'AWS::EC2::Instance', 'AWS::EC2::Instance'], 'extra': ['AWS::CloudFormation::Stack']}","['AWS::IAM::Policy', 'AWS::EC2::Instance', 'AWS::EC2::Instance', 'AWS::EC2::Instance', 'AWS::EC2::Instance']",
106,llm_generated_data/template/iterative/deepseek/openrouter/arcee-ai/trinity-large-preview:free/row_107_update_2_template_20260310_232427.yaml,../Data/groud_truth/template/bucket_and_notification.yaml,False,"{'passed_checks': [], 'failed_checks': []}",0.0,0.0,"{'correct': [], 'missing': ['AWS::SNS::Topic', 'AWS::SNS::TopicPolicy', 'AWS::S3::Bucket'], 'extra': ['AWS::ApiGateway::Method', 'AWS::SQS::Queue', 'AWS::SQS::Queue', 'AWS::ApiGateway::RestApi', 'AWS::ApiGateway::Resource', 'AWS::ApiGateway::Stage', 'AWS::IAM::Role', 'AWS::SQS::QueuePolicy', 'AWS::ApiGateway::Deployment']}","['AWS::SNS::Topic', 'AWS::SNS::TopicPolicy', 'AWS::S3::Bucket']",
108,llm_generated_data/template/iterative/deepseek/openrouter/arcee-ai/trinity-large-preview:free/row_109_update_5_template_20260310_233042.yaml,../Data/groud_truth/template/cognito_sample.yaml,False,"{'passed_checks': [], 'failed_checks': []}",0.0,0.0,"{'correct': [], 'missing': ['AWS::Cognito::UserPoolClient', 'AWS::Cognito::UserPool', 'AWS::Cognito::UserPoolDomain'], 'extra': ['AWS::Events::EventBus', 'AWS::Events::Rule', 'AWS::Events::ApiDestination', 'AWS::IAM::Role', 'AWS::Events::Connection', 'AWS::SQS::Queue']}","['AWS::Cognito::UserPoolClient', 'AWS::Cognito::UserPool', 'AWS::Cognito::UserPoolDomain']",
109,llm_generated_data/template/iterative/deepseek/openrouter/arcee-ai/trinity-large-preview:free/row_110_update_5_template_20260310_233427.yaml,../Data/groud_truth/template/mongoDB.yaml,False,"{'passed_checks': [{'check_id': 'CKV2_AWS_75', 'check_name': 'Ensure no open CORS policy', 'file_path': '/../../../../../../var/folders/mr/k47n2bks0fs1y0cmq922vqbh0000gn/T/temp_checkov_template_stable/template.yaml', 'resource': 'AWS::Lambda::Function.LambdaFunction'}], 'failed_checks': []}",16.666666666666664,11.11111111111111,"{'correct': ['AWS::IAM::Role'], 'missing': ['AWS::Events::EventBus', 'AWS::Events::Rule', 'AWS::Events::ApiDestination', 'AWS::Events::Connection', 'AWS::SQS::Queue'], 'extra': ['AWS::ApiGatewayV2::Integration', 'AWS::ApiGatewayV2::DomainName', 'AWS::Lambda::Permission', 'AWS::ApiGatewayV2::Route', 'AWS::ApiGatewayV2::Api', 'AWS::ApiGatewayV2::Stage', 'AWS::ApiGatewayV2::ApiMapping', 'AWS::Lambda::Function']}","['AWS::Events::EventBus', 'AWS::Events::Rule', 'AWS::Events::ApiDestination', 'AWS::Events::Connection', 'AWS::SQS::Queue']",
110,llm_generated_data/template/iterative/deepseek/openrouter/arcee-ai/trinity-large-preview:free/row_111_update_5_template_20260310_233744.yaml,../Data/groud_truth/template/crossAccResources.yaml,False,"{'passed_checks': [], 'failed_checks': []}",12.5,16.666666666666664,"{'correct': ['AWS::IAM::Role'], 'missing': ['AWS::ApiGateway::Method', 'AWS::ApiGateway::Resource', 'AWS::ApiGateway::RestApi', 'AWS::Lambda::Permission', 'AWS::ApiGateway::Stage', 'AWS::ApiGateway::Deployment', 'AWS::Lambda::Function'], 'extra': ['AWS::SQS::Queue', 'AWS::Events::EventBus', 'AWS::Events::ApiDestination', 'AWS::SecretsManager::Secret', 'AWS::IAM::Policy']}","['AWS::ApiGateway::Method', 'AWS::ApiGateway::Resource', 'AWS::ApiGateway::RestApi', 'AWS::Lambda::Permission', 'AWS::ApiGateway::Stage', 'AWS::ApiGateway::Deployment', 'AWS::Lambda::Function']",
115,llm_generated_data/template/iterative/deepseek/openrouter/arcee-ai/trinity-large-preview:free/row_116_update_1_template_20260310_234221.yaml,../Data/groud_truth/template/sns-secretsmanager.yaml,False,"{'passed_checks': [], 'failed_checks': []}",33.33333333333333,9.090909090909092,"{'correct': ['AWS::SNS::Topic'], 'missing': ['AWS::Events::Rule', 'AWS::SNS::TopicPolicy'], 'extra': ['AWS::SNS::Subscription', 'AWS::SNS::Subscription', 'AWS::SQS::QueuePolicy', 'AWS::SQS::QueuePolicy', 'AWS::SQS::QueuePolicy', 'AWS::SQS::Queue', 'AWS::SQS::Queue', 'AWS::SQS::Queue', 'AWS::SQS::Queue', 'AWS::SQS::Queue']}","['AWS::Events::Rule', 'AWS::SNS::TopicPolicy']",
116,llm_generated_data/template/iterative/deepseek/openrouter/arcee-ai/trinity-large-preview:free/row_117_update_5_template_20260310_234557.yaml,../Data/groud_truth/template/sns_with_sqs.yaml,False,"{'passed_checks': [], 'failed_checks': []}",0.0,0.0,"{'correct': [], 'missing': ['AWS::SNS::Topic', 'AWS::SNS::Subscription', 'AWS::SNS::Subscription', 'AWS::SNS::Subscription', 'AWS::SQS::QueuePolicy', 'AWS::SQS::Queue', 'AWS::SQS::Queue', 'AWS::SQS::Queue', 'AWS::SQS::Queue', 'AWS::SQS::Queue', 'AWS::SQS::Queue'], 'extra': ['AWS::DynamoDB::Table', 'AWS::Events::EventBus', 'AWS::EventSchemas::Registry', 'AWS::Pipes::Pipe', 'AWS::Pipes::Pipe', 'AWS::EventSchemas::Schema', 'AWS::IAM::Role']}","['AWS::SNS::Topic', 'AWS::SNS::Subscription', 'AWS::SNS::Subscription', 'AWS::SNS::Subscription', 'AWS::SQS::QueuePolicy', 'AWS::SQS::Queue', 'AWS::SQS::Queue', 'AWS::SQS::Queue', 'AWS::SQS::Queue', 'AWS::SQS::Queue', 'AWS::SQS::Queue']",
120,llm_generated_data/template/iterative/deepseek/openrouter/arcee-ai/trinity-large-preview:free/row_121_update_5_template_20260310_235850.yaml,../Data/groud_truth/template/sqs-pipes-batch-service.yaml,False,"{'passed_checks': [], 'failed_checks': []}",21.428571428571427,25.0,"{'correct': ['AWS::IAM::Role', 'AWS::IAM::Role', 'AWS::IAM::Role'], 'missing': ['AWS::EC2::Subnet', 'AWS::EC2::Subnet', 'AWS::EC2::SecurityGroup', 'AWS::Batch::JobDefinition', 'AWS::Pipes::Pipe', 'AWS::Logs::LogGroup', 'AWS::Batch::ComputeEnvironment', 'AWS::Batch::JobQueue', 'AWS::EC2::SecurityGroupIngress', 'AWS::EC2::VPC', 'AWS::SQS::Queue'], 'extra': ['AWS::IAM::InstanceProfile', 'AWS::IAM::InstanceProfile', 'AWS::SSM::Association', 'AWS::S3::Bucket', 'AWS::SSM::Document', 'AWS::S3::BucketPolicy', 'AWS::Scheduler::Schedule', 'AWS::EC2::Instance', 'AWS::EC2::Instance']}","['AWS::EC2::Subnet', 'AWS::EC2::Subnet', 'AWS::EC2::SecurityGroup', 'AWS::Batch::JobDefinition', 'AWS::Pipes::Pipe', 'AWS::Logs::LogGroup', 'AWS::Batch::ComputeEnvironment', 'AWS::Batch::JobQueue', 'AWS::EC2::SecurityGroupIngress', 'AWS::EC2::VPC', 'AWS::SQS::Queue']",
124,llm_generated_data/template/iterative/deepseek/openrouter/arcee-ai/trinity-large-preview:free/row_126_update_5_template_20260311_001424.yaml,../Data/groud_truth/template/api_with_dynamoDB.yaml,False,"{'passed_checks': [], 'failed_checks': []}",9.090909090909092,8.333333333333332,"{'correct': ['AWS::IAM::Role'], 'missing': ['AWS::DynamoDB::Table', 'AWS::ApiGateway::Method', 'AWS::ApiGateway::Method', 'AWS::ApiGateway::Resource', 'AWS::ApiGateway::Resource', 'AWS::ApiGateway::RestApi', 'AWS::ApiGateway::UsagePlan', 'AWS::ApiGateway::UsagePlanKey', 'AWS::ApiGateway::ApiKey', 'AWS::ApiGateway::Deployment'], 'extra': ['AWS::ApiGatewayV2::Integration', 'AWS::ApiGatewayV2::Integration', 'AWS::ApiGatewayV2::Integration', 'AWS::ApiGatewayV2::Integration', 'AWS::ApiGatewayV2::Route', 'AWS::ApiGatewayV2::Route', 'AWS::ApiGatewayV2::Route', 'AWS::ApiGatewayV2::Route', 'AWS::ApiGatewayV2::Api', 'AWS::Kinesis::Stream', 'AWS::ApiGatewayV2::Stage']}","['AWS::DynamoDB::Table', 'AWS::ApiGateway::Method', 'AWS::ApiGateway::Method', 'AWS::ApiGateway::Resource', 'AWS::ApiGateway::Resource', 'AWS::ApiGateway::RestApi', 'AWS::ApiGateway::UsagePlan', 'AWS::ApiGateway::UsagePlanKey', 'AWS::ApiGateway::ApiKey', 'AWS::ApiGateway::Deployment']",
125,llm_generated_data/template/iterative/deepseek/openrouter/arcee-ai/trinity-large-preview:free/row_127_update_5_template_20260311_001651.yaml,../Data/groud_truth/template/apigateway_ses.yaml,False,"{'passed_checks': [], 'failed_checks': []}",0.0,0.0,"{'correct': [], 'missing': ['AWS::ApiGateway::Method', 'AWS::ApiGateway::Model', 'AWS::ApiGateway::RestApi', 'AWS::ApiGateway::RequestValidator', 'AWS::ApiGateway::UsagePlan', 'AWS::ApiGateway::UsagePlanKey', 'AWS::IAM::Role', 'AWS::ApiGateway::ApiKey', 'AWS::ApiGateway::Deployment'], 'extra': ['AWS::EFS::MountTarget', 'AWS::EFS::FileSystem']}","['AWS::ApiGateway::Method', 'AWS::ApiGateway::Model', 'AWS::ApiGateway::RestApi', 'AWS::ApiGateway::RequestValidator', 'AWS::ApiGateway::UsagePlan', 'AWS::ApiGateway::UsagePlanKey', 'AWS::IAM::Role', 'AWS::ApiGateway::ApiKey', 'AWS::ApiGateway::Deployment']",
126,llm_generated_data/template/iterative/deepseek/openrouter/arcee-ai/trinity-large-preview:free/row_128_update_5_template_20260311_001944.yaml,../Data/groud_truth/template/apigateway_kinesis.yaml,False,"{'passed_checks': [{'check_id': 'CKV2_AWS_75', 'check_name': 'Ensure no open CORS policy', 'file_path': '/../../../../../../var/folders/mr/k47n2bks0fs1y0cmq922vqbh0000gn/T/temp_checkov_template_stable/template.yaml', 'resource': 'AWS::Lambda::Function.SecurityHubControlLambda'}], 'failed_checks': []}",7.6923076923076925,16.666666666666664,"{'correct': ['AWS::IAM::Role'], 'missing': ['AWS::ApiGateway::Method', 'AWS::ApiGateway::Method', 'AWS::ApiGateway::Method', 'AWS::ApiGateway::Method', 'AWS::ApiGateway::Resource', 'AWS::ApiGateway::Resource', 'AWS::ApiGateway::Resource', 'AWS::ApiGateway::Resource', 'AWS::ApiGateway::Resource', 'AWS::ApiGateway::RestApi', 'AWS::Kinesis::Stream', 'AWS::ApiGateway::Deployment'], 'extra': ['AWS::Events::Rule', 'AWS::Lambda::Permission', 'AWS::CloudWatch::Alarm', 'AWS::Logs::LogGroup', 'AWS::Lambda::Function']}","['AWS::ApiGateway::Method', 'AWS::ApiGateway::Method', 'AWS::ApiGateway::Method', 'AWS::ApiGateway::Method', 'AWS::ApiGateway::Resource', 'AWS::ApiGateway::Resource', 'AWS::ApiGateway::Resource', 'AWS::ApiGateway::Resource', 'AWS::ApiGateway::Resource', 'AWS::ApiGateway::RestApi', 'AWS::Kinesis::Stream', 'AWS::ApiGateway::Deployment']",
127,llm_generated_data/template/iterative/deepseek/openrouter/arcee-ai/trinity-large-preview:free/row_129_update_5_template_20260311_002416.yaml,../Data/groud_truth/template/efs_easy.yaml,False,"{'passed_checks': [{'check_id': 'CKV2_AWS_75', 'check_name': 'Ensure no open CORS policy', 'file_path': '/../../../../../../var/folders/mr/k47n2bks0fs1y0cmq922vqbh0000gn/T/temp_checkov_template_stable/template.yaml', 'resource': 'AWS::Lambda::Function.RetentionLambdaFunction'}], 'failed_checks': []}",0.0,0.0,"{'correct': [], 'missing': ['AWS::EFS::FileSystem'], 'extra': ['AWS::SNS::Topic', 'AWS::Config::ConfigurationRecorder', 'AWS::IAM::Role', 'AWS::IAM::Role', 'AWS::Config::DeliveryChannel', 'AWS::S3::Bucket', 'AWS::CloudFormation::CustomResource', 'AWS::Lambda::Function']}",['AWS::EFS::FileSystem'],
129,llm_generated_data/template/iterative/deepseek/openrouter/arcee-ai/trinity-large-preview:free/row_131_update_5_template_20260311_003251.yaml,../Data/groud_truth/template/config.yaml,False,"{'passed_checks': [], 'failed_checks': []}",8.333333333333332,12.5,"{'correct': ['AWS::SNS::Topic'], 'missing': ['AWS::Logs::LogGroup', 'AWS::Config::ConfigurationRecorder', 'AWS::IAM::Role', 'AWS::IAM::Role', 'AWS::IAM::Role', 'AWS::Config::DeliveryChannel', 'AWS::S3::Bucket', 'Custom::RetentionConfiguration', 'AWS::S3::BucketPolicy', 'AWS::Lambda::Function', 'AWS::IAM::Policy'], 'extra': ['AWS::SNS::Topic', 'AWS::CloudWatch::Alarm', 'AWS::SNS::TopicPolicy', 'AWS::SNS::TopicPolicy', 'AWS::SNS::Subscription', 'AWS::SNS::Subscription', 'AWS::SNS::Subscription']}","['AWS::Logs::LogGroup', 'AWS::Config::ConfigurationRecorder', 'AWS::IAM::Role', 'AWS::IAM::Role', 'AWS::IAM::Role', 'AWS::Config::DeliveryChannel', 'AWS::S3::Bucket', 'Custom::RetentionConfiguration', 'AWS::S3::BucketPolicy', 'AWS::Lambda::Function', 'AWS::IAM::Policy']",
131,llm_generated_data/template/iterative/deepseek/openrouter/arcee-ai/trinity-large-preview:free/row_133_update_5_template_20260311_004221.yaml,../Data/groud_truth/template/alert.yaml,False,"{'passed_checks': [], 'failed_checks': []}",0.0,0.0,"{'correct': [], 'missing': ['AWS::SNS::Topic', 'AWS::SNS::Topic', 'AWS::CloudWatch::Alarm', 'AWS::SNS::Subscription', 'AWS::SNS::Subscription', 'AWS::SNS::Subscription', 'AWS::SNS::Subscription', 'AWS::SNS::TopicPolicy'], 'extra': ['AWS::EC2::Subnet', 'AWS::EC2::SecurityGroup', 'AWS::IAM::InstanceProfile', 'AWS::IAM::Role', 'AWS::S3::Bucket', 'AWS::S3::BucketPolicy', 'AWS::EC2::Route', 'AWS::EC2::InternetGateway', 'AWS::EC2::RouteTable', 'AWS::EC2::VPCGatewayAttachment', 'AWS::EC2::VPC', 'AWS::EC2::SubnetRouteTableAssociation', 'AWS::EC2::Instance']}","['AWS::SNS::Topic', 'AWS::SNS::Topic', 'AWS::CloudWatch::Alarm', 'AWS::SNS::Subscription', 'AWS::SNS::Subscription', 'AWS::SNS::Subscription', 'AWS::SNS::Subscription', 'AWS::SNS::TopicPolicy']",
132,llm_generated_data/template/iterative/deepseek/openrouter/arcee-ai/trinity-large-preview:free/row_134_update_5_template_20260311_004459.yaml,../Data/groud_truth/template/batch-demo.template.yaml,False,"{'passed_checks': [{'check_id': 'CKV2_AWS_75', 'check_name': 'Ensure no open CORS policy', 'file_path': '/../../../../../../var/folders/mr/k47n2bks0fs1y0cmq922vqbh0000gn/T/temp_checkov_template_stable/template.yaml', 'resource': 'AWS::Lambda::Function.LambdaFunction'}], 'failed_checks': []}",9.090909090909092,50.0,"{'correct': ['AWS::IAM::Role'], 'missing': ['AWS::EC2::Subnet', 'AWS::EC2::SecurityGroup', 'AWS::Batch::JobDefinition', 'AWS::IAM::InstanceProfile', 'AWS::Batch::ComputeEnvironment', 'AWS::Batch::JobQueue', 'AWS::IAM::Role', 'AWS::IAM::Role', 'AWS::S3::Bucket', 'AWS::EC2::VPC'], 'extra': ['AWS::Lambda::Function']}","['AWS::EC2::Subnet', 'AWS::EC2::SecurityGroup', 'AWS::Batch::JobDefinition', 'AWS::IAM::InstanceProfile', 'AWS::Batch::ComputeEnvironment', 'AWS::Batch::JobQueue', 'AWS::IAM::Role', 'AWS::IAM::Role', 'AWS::S3::Bucket', 'AWS::EC2::VPC']",
134,llm_generated_data/template/iterative/deepseek/openrouter/arcee-ai/trinity-large-preview:free/row_136_update_5_template_20260311_004756.yaml,../Data/groud_truth/template/lambda-demo.yaml,False,"{'passed_checks': [], 'failed_checks': []}",33.33333333333333,50.0,"{'correct': ['AWS::IAM::Role'], 'missing': ['AWS::Lambda::Function', 'AWS::IAM::Policy'], 'extra': ['AWS::IAM::ManagedPolicy']}","['AWS::Lambda::Function', 'AWS::IAM::Policy']",
141,llm_generated_data/template/iterative/deepseek/openrouter/arcee-ai/trinity-large-preview:free/row_145_update_5_template_20260311_015927.yaml,../Data/groud_truth/template/stepfunction-recognition.yaml,False,"{'passed_checks': [{'check_id': 'CKV2_AWS_72', 'check_name': 'Ensure AWS CloudFront origin protocol policy enforces HTTPS-only', 'file_path': '/../../../../../../var/folders/mr/k47n2bks0fs1y0cmq922vqbh0000gn/T/temp_checkov_template_stable/template.yaml', 'resource': 'AWS::CloudFront::Distribution.CloudFrontDistribution'}, {'check_id': 'CKV2_AWS_75', 'check_name': 'Ensure no open CORS policy', 'file_path': '/../../../../../../var/folders/mr/k47n2bks0fs1y0cmq922vqbh0000gn/T/temp_checkov_template_stable/template.yaml', 'resource': 'AWS::Lambda::Function.LambdaFunction'}], 'failed_checks': [{'check_id': 'UIV_CUSTOM_ROW_141A', 'check_name': 'user intent for row 141A', 'file_path': '/../../../../../../var/folders/mr/k47n2bks0fs1y0cmq922vqbh0000gn/T/temp_checkov_template_stable/template.yaml', 'resource': 'AWS::S3::Bucket.S3Bucket', 'guideline': None}]}",25.0,42.857142857142854,"{'correct': ['AWS::IAM::Role', 'AWS::S3::Bucket', 'AWS::Lambda::Function'], 'missing': ['AWS::Events::Rule', 'AWS::StepFunctions::StateMachine', 'AWS::Logs::LogGroup', 'Custom::helper', 'AWS::IAM::Role', 'AWS::IAM::Role', 'AWS::IAM::Policy', 'AWS::IAM::Policy', 'AWS::IAM::Policy'], 'extra': ['AWS::CloudFront::OriginAccessControl', 'Custom::LambdaCustomResource', 'AWS::CloudFront::Distribution', 'AWS::S3::BucketPolicy']}","['AWS::Events::Rule', 'AWS::StepFunctions::StateMachine', 'AWS::Logs::LogGroup', 'Custom::helper', 'AWS::IAM::Role', 'AWS::IAM::Role', 'AWS::IAM::Policy', 'AWS::IAM::Policy', 'AWS::IAM::Policy']",
