row_index,row_number,matched,difficulty_level,total_required_resources,total_generated_resources,correct_resources,missing_resources,extra_resources,coverage_pct,accuracy_pct,intent_coverage_pct,intent_correct,intent_needed,template_empty,parse_error,gt_missing,ground_truth_path,correct_resource_types,missing_resource_types,extra_resource_types,generated_resource_types,prompt
0,1,True,1,1,4,1,0,3,100.0,25.0,100.0,1,1,False,False,False,Data\groud_truth\template\sns_easy.yaml,AWS::SNS::Topic,,AWS::KMS::Alias;AWS::SNS::Subscription;AWS::KMS::Key,AWS::KMS::Key;AWS::KMS::Alias;AWS::SNS::Topic;AWS::SNS::Subscription,"We need a CloudFormation template that creates an AWS SNS with notification sending to email ""test@test.com""."
1,7,True,3,6,11,6,0,5,100.0,54.55,100.0,6,6,False,False,False,Data\groud_truth\template\virtualmachine.yaml,AWS::EC2::VPC;AWS::EC2::Instance;AWS::IAM::Role;AWS::EC2::Subnet;AWS::IAM::InstanceProfile;AWS::EC2::SecurityGroup,,AWS::EC2::VPCGatewayAttachment;AWS::EC2::InternetGateway;AWS::EC2::RouteTable;AWS::EC2::SubnetRouteTableAssociation;AWS::EC2::Route,AWS::EC2::VPC;AWS::EC2::InternetGateway;AWS::EC2::VPCGatewayAttachment;AWS::EC2::Subnet;AWS::EC2::RouteTable;AWS::EC2::Route;AWS::EC2::SubnetRouteTableAssociation;AWS::EC2::SecurityGroup;AWS::IAM::Role;AWS::IAM::InstanceProfile;AWS::EC2::Instance,We need a CloudFormation template that creates a basic EC2 instance (`t3.micro`) with secure remote management capabilities using AWS Systems Manager (SSM). The solution uses region-specific AMIs for compatibility and attaches a minimal security group to the instance. 
2,14,True,4,9,7,7,2,0,77.78,100.0,77.78,7,9,False,False,False,Data\groud_truth\template\SingleENIwithMultipleEIPs.yaml,AWS::EC2::VPC;AWS::EC2::Subnet;AWS::EC2::EIPAssociation;AWS::EC2::EIPAssociation;AWS::EC2::EIP;AWS::EC2::EIP;AWS::EC2::NetworkInterface,AWS::EC2::VPCGatewayAttachment;AWS::EC2::InternetGateway,,AWS::EC2::VPC;AWS::EC2::Subnet;AWS::EC2::NetworkInterface;AWS::EC2::EIP;AWS::EC2::EIP;AWS::EC2::EIPAssociation;AWS::EC2::EIPAssociation,We need a CloudFormation template that creates a single Elastic Network Interface (ENI) with two Elastic IPs (EIPs) and secondary private IPs which enables a single EC2 instance (not explicitly defined) to handle multiple public-facing IP addresses through one network interface.
3,20,True,5,14,2,1,13,1,7.14,50.0,33.33,1,3,False,False,False,Data\groud_truth\template\CloudWatch_Dashboard_ClientVPN.yaml,AWS::CloudWatch::Dashboard,AWS::Logs::QueryDefinition;AWS::Logs::QueryDefinition;AWS::Logs::QueryDefinition;AWS::Logs::QueryDefinition;AWS::Logs::QueryDefinition;AWS::Logs::QueryDefinition;AWS::Logs::QueryDefinition;AWS::Logs::QueryDefinition;AWS::Logs::QueryDefinition;AWS::Logs::QueryDefinition;AWS::Logs::QueryDefinition;AWS::Logs::QueryDefinition;AWS::Logs::QueryDefinition,AWS::Logs::LogGroup,AWS::Logs::LogGroup;AWS::CloudWatch::Dashboard,"We need a CloudFormation template that creates a CloudWatch Dashboard and a set of CloudWatch Logs Insights queries to monitor and analyze AWS Client VPN usage patterns. The solution should aggregate metrics such as connection durations, data transfer volumes (ingress/egress), and user activity across different authentication methods (AD/SAML, Mutual Auth, and Mixed Auth). The template must organize queries into a logical folder structure and display results in a centralized dashboard with tables showing endpoint-specific usage, distinct user statistics, and authentication-type breakdowns."
4,30,True,5,25,37,25,0,12,100.0,67.57,100.0,25,25,False,False,False,Data\groud_truth\template\efs-provisioned.yaml,AWS::EC2::Instance;AWS::EC2::Instance;AWS::EC2::RouteTable;AWS::EC2::Subnet;AWS::EC2::Subnet;AWS::IAM::InstanceProfile;AWS::EC2::SecurityGroup;AWS::EC2::SecurityGroup;AWS::EC2::Route;AWS::EFS::MountTarget;AWS::EFS::MountTarget;AWS::EC2::VPC;AWS::EC2::SubnetNetworkAclAssociation;AWS::EC2::SubnetNetworkAclAssociation;AWS::EC2::VPCGatewayAttachment;AWS::EC2::InternetGateway;AWS::CloudWatch::Alarm;AWS::CloudWatch::Alarm;AWS::IAM::Role;AWS::EC2::NetworkAcl;AWS::EFS::FileSystem;AWS::EC2::NetworkAclEntry;AWS::EC2::NetworkAclEntry;AWS::EC2::SubnetRouteTableAssociation;AWS::EC2::SubnetRouteTableAssociation,,AWS::KMS::Key;AWS::EC2::VPCEndpoint;AWS::EC2::VPCEndpoint;AWS::EC2::VPCEndpoint;AWS::EC2::VPCEndpoint;AWS::EC2::VPCEndpoint;AWS::SNS::Topic;AWS::EC2::NetworkAclEntry;AWS::EC2::NetworkAclEntry;AWS::EC2::NetworkAclEntry;AWS::EC2::NetworkAclEntry;AWS::KMS::Alias,AWS::EC2::VPC;AWS::EC2::InternetGateway;AWS::EC2::VPCGatewayAttachment;AWS::EC2::Subnet;AWS::EC2::Subnet;AWS::EC2::RouteTable;AWS::EC2::Route;AWS::EC2::SubnetRouteTableAssociation;AWS::EC2::SubnetRouteTableAssociation;AWS::EC2::NetworkAcl;AWS::EC2::NetworkAclEntry;AWS::EC2::NetworkAclEntry;AWS::EC2::NetworkAclEntry;AWS::EC2::NetworkAclEntry;AWS::EC2::NetworkAclEntry;AWS::EC2::NetworkAclEntry;AWS::EC2::SubnetNetworkAclAssociation;AWS::EC2::SubnetNetworkAclAssociation;AWS::EC2::VPCEndpoint;AWS::EC2::VPCEndpoint;AWS::EC2::VPCEndpoint;AWS::EC2::VPCEndpoint;AWS::EC2::VPCEndpoint;AWS::EC2::SecurityGroup;AWS::EC2::SecurityGroup;AWS::EFS::FileSystem;AWS::EFS::MountTarget;AWS::EFS::MountTarget;AWS::IAM::Role;AWS::IAM::InstanceProfile;AWS::KMS::Key;AWS::KMS::Alias;AWS::EC2::Instance;AWS::EC2::Instance;AWS::SNS::Topic;AWS::CloudWatch::Alarm;AWS::CloudWatch::Alarm,"We need a CloudFormation template that creates a EFS file system with cross-AZ EC2 instances and performance monitoring which provides shared storage for applications requiring multi-AZ accessibility. The solution should also launch two EC2 instances in separate AZs with IAM roles granting EFS access and SSM permissions, automating EFS mounting via user data scripts that retry until mount targets are available. Configure CloudWatch alarms to monitor EFS I/O limits and throughput utilization, triggering alerts at 95% I/O limit and 80% throughput thresholds. Note to establish a VPC with public subnets, internet gateway, and network ACLs to support EFS and EC2 connectivity while enforcing security group rules for controlled NFS access. Use cfn-signal and CreationPolicies to ensure instances successfully mount EFS before stack completion, avoiding partial deployments.  "
5,31,True,5,31,46,26,5,20,83.87,56.52,83.87,26,31,False,False,False,Data\groud_truth\template\codedeploy.yaml,AWS::CodeDeploy::Application;AWS::RDS::DBInstance;AWS::EC2::RouteTable;AWS::RDS::DBSubnetGroup;AWS::EC2::Subnet;AWS::EC2::Subnet;AWS::IAM::InstanceProfile;AWS::CodeDeploy::DeploymentGroup;AWS::EC2::SecurityGroup;AWS::EC2::SecurityGroup;AWS::EC2::SecurityGroup;AWS::SSM::Parameter;AWS::EC2::Route;AWS::ElasticLoadBalancingV2::Listener;AWS::ElasticLoadBalancingV2::LoadBalancer;AWS::EC2::VPC;AWS::AutoScaling::AutoScalingGroup;AWS::EC2::VPCGatewayAttachment;AWS::EC2::InternetGateway;AWS::EC2::LaunchTemplate;AWS::IAM::Role;AWS::IAM::Role;AWS::S3::Bucket;AWS::EC2::SubnetRouteTableAssociation;AWS::EC2::SubnetRouteTableAssociation;AWS::ElasticLoadBalancingV2::TargetGroup,AWS::EC2::SubnetNetworkAclAssociation;AWS::EC2::SubnetNetworkAclAssociation;AWS::EC2::NetworkAcl;AWS::EC2::NetworkAclEntry;AWS::EC2::NetworkAclEntry,AWS::KMS::Key;AWS::EC2::RouteTable;AWS::EC2::VPCEndpoint;AWS::EC2::VPCEndpoint;AWS::EC2::VPCEndpoint;AWS::EC2::VPCEndpoint;AWS::EC2::VPCEndpoint;AWS::S3::BucketPolicy;AWS::EC2::Subnet;AWS::EC2::Subnet;AWS::SSM::Parameter;AWS::SSM::Parameter;AWS::SSM::Parameter;AWS::ElasticLoadBalancingV2::Listener;AWS::EC2::SecurityGroupEgress;AWS::EC2::SecurityGroupEgress;AWS::SecretsManager::Secret;AWS::KMS::Alias;AWS::EC2::SubnetRouteTableAssociation;AWS::EC2::SubnetRouteTableAssociation,AWS::KMS::Key;AWS::KMS::Alias;AWS::EC2::VPC;AWS::EC2::InternetGateway;AWS::EC2::VPCGatewayAttachment;AWS::EC2::Subnet;AWS::EC2::Subnet;AWS::EC2::RouteTable;AWS::EC2::Route;AWS::EC2::SubnetRouteTableAssociation;AWS::EC2::SubnetRouteTableAssociation;AWS::EC2::Subnet;AWS::EC2::Subnet;AWS::EC2::RouteTable;AWS::EC2::SubnetRouteTableAssociation;AWS::EC2::SubnetRouteTableAssociation;AWS::EC2::SecurityGroup;AWS::EC2::SecurityGroupEgress;AWS::ElasticLoadBalancingV2::LoadBalancer;AWS::ElasticLoadBalancingV2::TargetGroup;AWS::ElasticLoadBalancingV2::Listener;AWS::ElasticLoadBalancingV2::Listener;AWS::EC2::SecurityGroup;AWS::EC2::SecurityGroupEgress;AWS::EC2::SecurityGroup;AWS::RDS::DBSubnetGroup;AWS::SecretsManager::Secret;AWS::RDS::DBInstance;AWS::SSM::Parameter;AWS::SSM::Parameter;AWS::SSM::Parameter;AWS::SSM::Parameter;AWS::S3::Bucket;AWS::S3::BucketPolicy;AWS::EC2::VPCEndpoint;AWS::EC2::VPCEndpoint;AWS::EC2::VPCEndpoint;AWS::EC2::VPCEndpoint;AWS::EC2::VPCEndpoint;AWS::IAM::Role;AWS::IAM::InstanceProfile;AWS::EC2::LaunchTemplate;AWS::AutoScaling::AutoScalingGroup;AWS::IAM::Role;AWS::CodeDeploy::Application;AWS::CodeDeploy::DeploymentGroup,"We need a CloudFormation template that creates an automated deployment pipeline for the Etherpad application using AWS CodeDeploy. The template should deploy Etherpad on EC2 instances within an Auto Scaling group across two subnets, fronted by an internet-facing Application Load Balancer for traffic distribution. It must provision a MySQL RDS instance for database storage and integrate AWS Systems Manager (SSM) for secure parameter storage. The solution should automate instance provisioning with a launch template that installs dependencies (Node.js, CodeDeploy agent) and signals CloudFormation upon readiness. An S3 bucket stores deployment artifacts, while CodeDeploy resources manage application updates. "
6,34,True,4,9,7,7,2,0,77.78,100.0,77.78,7,9,False,False,False,Data\groud_truth\template\RDS_PIOPS.yaml,AWS::RDS::DBSubnetGroup;AWS::EC2::VPC;AWS::EC2::Subnet;AWS::EC2::Subnet;AWS::EC2::SecurityGroup;AWS::SecretsManager::Secret;AWS::RDS::DBInstance,AWS::EC2::VPCGatewayAttachment;AWS::EC2::InternetGateway,,AWS::EC2::VPC;AWS::EC2::Subnet;AWS::EC2::Subnet;AWS::RDS::DBSubnetGroup;AWS::EC2::SecurityGroup;AWS::SecretsManager::Secret;AWS::RDS::DBInstance,"We need a CloudFormation template that creates a MySQL RDS instance (db.r5.large) with Provisioned IOPS (io1 storage) within a VPC. The solution should deploy the database across two private subnets in different Availability Zones using a DB subnet group, with network isolation via a dedicated VPC and a security group restricting access to port 3306 for internal VPC traffic. "
7,50,True,5,26,28,21,5,7,80.77,75.0,,0,0,False,False,False,Data\groud_truth\template\url2png-loadtest.yaml,AWS::EC2::Instance;AWS::EC2::RouteTable;AWS::AutoScaling::ScalingPolicy;AWS::AutoScaling::ScalingPolicy;AWS::EC2::Subnet;AWS::EC2::Subnet;AWS::IAM::InstanceProfile;AWS::EC2::SecurityGroup;AWS::EC2::Route;AWS::EC2::VPC;AWS::AutoScaling::AutoScalingGroup;AWS::EC2::VPCGatewayAttachment;AWS::EC2::InternetGateway;AWS::EC2::LaunchTemplate;AWS::CloudWatch::Alarm;AWS::CloudWatch::Alarm;AWS::IAM::Role;AWS::S3::Bucket;AWS::SQS::Queue;AWS::EC2::SubnetRouteTableAssociation;AWS::EC2::SubnetRouteTableAssociation,AWS::EC2::SubnetNetworkAclAssociation;AWS::EC2::SubnetNetworkAclAssociation;AWS::EC2::NetworkAcl;AWS::EC2::NetworkAclEntry;AWS::EC2::NetworkAclEntry,AWS::EC2::SecurityGroupIngress;AWS::KMS::Key;AWS::KMS::Key;AWS::S3::BucketPolicy;AWS::IAM::InstanceProfile;AWS::IAM::Role;AWS::SQS::Queue,AWS::EC2::VPC;AWS::EC2::InternetGateway;AWS::EC2::VPCGatewayAttachment;AWS::EC2::RouteTable;AWS::EC2::Route;AWS::EC2::Subnet;AWS::EC2::Subnet;AWS::EC2::SubnetRouteTableAssociation;AWS::EC2::SubnetRouteTableAssociation;AWS::KMS::Key;AWS::KMS::Key;AWS::SQS::Queue;AWS::SQS::Queue;AWS::S3::Bucket;AWS::S3::BucketPolicy;AWS::IAM::Role;AWS::IAM::InstanceProfile;AWS::IAM::Role;AWS::IAM::InstanceProfile;AWS::EC2::SecurityGroup;AWS::EC2::SecurityGroupIngress;AWS::EC2::LaunchTemplate;AWS::AutoScaling::AutoScalingGroup;AWS::AutoScaling::ScalingPolicy;AWS::AutoScaling::ScalingPolicy;AWS::CloudWatch::Alarm;AWS::CloudWatch::Alarm;AWS::EC2::Instance,"We need a CloudFormation template that creates a scalable URL-to-PNG screenshot service with automated load testing and S3/SQS integration, designed to dynamically process website screenshot requests and store results in a secure, distributed environment. The template should deploy an Auto Scaling group of EC2 instances (workers) across two Availability Zones, configured to consume messages from an SQS queue and generate screenshots using Chromium, saving outputs to an S3 bucket. It must include a load test instance that populates the queue with sample URL requests to simulate traffic, while CloudWatch alarms trigger scaling policies based on queue depth (scaling up/down between 1-2 instances). "
8,59,True,2,3,5,3,0,2,100.0,60.0,100.0,3,3,False,False,False,Data\groud_truth\template\kinesis-data-stream.yaml,AWS::Kinesis::Stream;AWS::CloudWatch::Alarm;AWS::CloudWatch::Alarm,,AWS::SNS::Topic;AWS::KMS::Key,AWS::Kinesis::Stream;AWS::KMS::Key;AWS::SNS::Topic;AWS::CloudWatch::Alarm;AWS::CloudWatch::Alarm,We need a CloudFormation template that creates an Amazon Kinesis Data Stream for real-time data ingestion and processing and alerts for read and write throughput exceeding.
9,78,True,1,1,1,1,0,0,100.0,100.0,100.0,1,1,False,False,False,Data\groud_truth\template\ipam.yaml,AWS::EC2::IPAM,,,AWS::EC2::IPAM,"We need a CloudFormation template that creates an AWS EC2 IP Address Manager (IPAM) to manage IP address allocation. Note to export critical identifiers like the IPAM ARN, ID, and default public/private scope IDs as stack outputs for cross-stack references (e.g., linking to VPCs or subnet configurations in other templates)."
10,83,True,2,2,2,2,0,0,100.0,100.0,100.0,2,2,False,False,False,Data\groud_truth\template\tgw.yaml,AWS::RAM::ResourceShare;AWS::EC2::TransitGateway,,,AWS::EC2::TransitGateway;AWS::RAM::ResourceShare,"We need a CloudFormation template that creates an AWS Transit Gateway (TGW) and a Resource Access Manager (RAM) resource share to centralize and simplify network connectivity across multiple VPCs and AWS accounts. The template should:

Deploy a Transit Gateway with predefined BGP settings (ASN 65000), automatic attachment acceptance, and default route propagation/association for seamless cross-VPC routing.

Share the Transit Gateway to AWS account with if of (644519422710) to enable cross-account network connectivity without manual resource duplication.

Export the Transit Gateway ID and Resource Share ID with stack-specific names for integration with VPC attachments or other networking components."
11,94,True,4,7,23,6,1,17,85.71,26.09,85.71,6,7,False,False,False,Data\groud_truth\template\BashScriptSSMAutomation.yaml,AWS::EC2::Instance;AWS::SSM::Document;AWS::IAM::Role;AWS::IAM::Role;AWS::S3::Bucket;AWS::IAM::InstanceProfile,AWS::SSM::Association,AWS::EC2::VPC;AWS::EC2::SubnetRouteTableAssociation;AWS::KMS::Key;AWS::EC2::VPCGatewayAttachment;AWS::EC2::InternetGateway;AWS::EC2::LaunchTemplate;AWS::CloudWatch::Alarm;AWS::SSM::MaintenanceWindowTarget;AWS::EC2::RouteTable;AWS::S3::BucketPolicy;AWS::EC2::Subnet;AWS::EC2::SecurityGroup;AWS::SSM::MaintenanceWindowTask;AWS::KMS::Alias;AWS::SSM::MaintenanceWindow;AWS::SNS::Topic;AWS::EC2::Route,AWS::KMS::Key;AWS::KMS::Alias;AWS::EC2::VPC;AWS::EC2::InternetGateway;AWS::EC2::VPCGatewayAttachment;AWS::EC2::Subnet;AWS::EC2::RouteTable;AWS::EC2::Route;AWS::EC2::SubnetRouteTableAssociation;AWS::EC2::SecurityGroup;AWS::IAM::Role;AWS::IAM::InstanceProfile;AWS::IAM::Role;AWS::EC2::LaunchTemplate;AWS::EC2::Instance;AWS::S3::Bucket;AWS::S3::BucketPolicy;AWS::SSM::Document;AWS::SSM::MaintenanceWindow;AWS::SSM::MaintenanceWindowTarget;AWS::SSM::MaintenanceWindowTask;AWS::SNS::Topic;AWS::CloudWatch::Alarm,"We need a CloudFormation template that creates an EC2 instance with automated OS updates, Nginx installation, and validation workflows using AWS Systems Manager (SSM) Automation. The template should:

Deploy an EC2 instance (Linux 2) with the latest Amazon Linux AMI and an IAM role granting SSM permissions for command execution, S3 log storage access, and CloudWatch monitoring.

Define a custom SSM Automation document to orchestrate a multi-step process: OS updates with reboot checks, Nginx installation, and curl-based validation of the web server, ensuring end-to-end configuration integrity.

Configure centralized logging to an S3 bucket for auditability and leverage IAM roles to enforce least-privilege access for SSM operations (e.g., associations, command execution)."
12,103,True,5,13,18,13,0,5,100.0,72.22,100.0,13,13,False,False,False,Data\groud_truth\template\security-lab-stack.yaml,AWS::EC2::VPC;AWS::EC2::Instance;AWS::EC2::VPCGatewayAttachment;AWS::EC2::InternetGateway;AWS::EC2::RouteTable;AWS::IAM::Role;AWS::S3::BucketPolicy;AWS::EC2::Subnet;AWS::S3::Bucket;AWS::IAM::InstanceProfile;AWS::EC2::SecurityGroup;AWS::EC2::SubnetRouteTableAssociation;AWS::EC2::Route,,AWS::KMS::Key;AWS::Logs::LogGroup;AWS::EC2::EIP;AWS::EC2::EIPAssociation;AWS::KMS::Alias,AWS::EC2::VPC;AWS::EC2::InternetGateway;AWS::EC2::VPCGatewayAttachment;AWS::EC2::Subnet;AWS::EC2::RouteTable;AWS::EC2::Route;AWS::EC2::SubnetRouteTableAssociation;AWS::EC2::SecurityGroup;AWS::IAM::Role;AWS::IAM::InstanceProfile;AWS::EC2::EIP;AWS::EC2::EIPAssociation;AWS::EC2::Instance;AWS::KMS::Key;AWS::KMS::Alias;AWS::S3::Bucket;AWS::S3::BucketPolicy;AWS::Logs::LogGroup,"We need a CloudFormation template that creates a secure, monitored web application environment in AWS, which includes a PHP/Apache web server, centralized logging, and compliant network infrastructure. The template should provision a VPC with a public subnet, internet gateway, and security group allowing HTTP access to host an EC2 instance running the latest Amazon Linux AMI. The instance must automatically install Apache and PHP, generate a dynamic webpage and enforce IAM roles for CloudWatch monitoring and Systems Manager (SSM) access. An S3 bucket with server-side encryption and restricted public access is required to store CloudWatch logs, configured via bucket policies to allow log ingestion. "
13,110,True,4,8,18,6,2,12,75.0,33.33,75.0,6,8,False,False,False,Data\groud_truth\template\crossAccResources.yaml,AWS::Lambda::Permission;AWS::ApiGateway::Method;AWS::ApiGateway::RestApi;AWS::IAM::Role;AWS::ApiGateway::Deployment;AWS::Lambda::Function,AWS::ApiGateway::Resource;AWS::ApiGateway::Stage,AWS::EC2::VPC;AWS::IAM::Role;AWS::EC2::VPCEndpoint;AWS::EC2::Subnet;AWS::EC2::Subnet;AWS::EC2::Subnet;AWS::Lambda::Function;AWS::ApiGateway::BasePathMapping;AWS::EC2::SecurityGroup;AWS::ApiGateway::DomainName;AWS::Route53::HostedZone;Custom::CertificateCreator,AWS::EC2::VPC;AWS::EC2::Subnet;AWS::EC2::Subnet;AWS::EC2::Subnet;AWS::EC2::SecurityGroup;AWS::EC2::VPCEndpoint;AWS::IAM::Role;AWS::Lambda::Function;AWS::Lambda::Permission;AWS::ApiGateway::RestApi;AWS::ApiGateway::Method;AWS::ApiGateway::Deployment;AWS::Route53::HostedZone;AWS::IAM::Role;AWS::Lambda::Function;Custom::CertificateCreator;AWS::ApiGateway::DomainName;AWS::ApiGateway::BasePathMapping,"We need a CloudFormation template that creates a cross-account private API Gateway integrated with a Lambda function, which enforces secure access via a VPC endpoint and custom domain. The template should provision a private API Gateway (configured to allow access only from a specified VPC endpoint ID) with a Lambda backend that returns a simple response. It must include IAM roles for Lambda execution (with basic CloudWatch logging permissions) and API Gateway-to-Lambda invocation policies. The API Gateway is deployed with a custom domain name and a stage, ensuring controlled access through VPC endpoint restrictions. "
14,134,True,2,3,2,2,1,0,66.67,100.0,100.0,2,2,False,False,False,Data\groud_truth\template\lambda-demo.yaml,AWS::IAM::Role;AWS::Lambda::Function,AWS::IAM::Policy,,AWS::IAM::Role;AWS::Lambda::Function,"We need a CloudFormation template that creates a basic AWS Lambda function. The template provisions a Lambda function with inline Node.js code that logs event details and returns a value from the input, along with an IAM role granting permissions to write logs to CloudWatch. "
